name,datetime,temp,feelslike,dew,humidity,precip,precipprob,preciptype,snow,snowdepth,windgust,windspeed,winddir,sealevelpressure,cloudcover,visibility,solarradiation,solarenergy,uvindex,severerisk,conditions,icon,stations
"50.99461, 5.53972",2018-03-13T00:00:00,9,5.8,7.3,89.24,0.004,100,rain,0,0,30.9,24,217,995.8,91.4,14.5,0,0,0,,"Rain, Overcast",rain,"06465099999,06477099999,02110,06479099999,06377099999,06380099999"
"50.99461, 5.53972",2018-03-13T01:00:00,8.6,5.2,7.5,92.85,0.582,100,rain,0,0,41.4,24,225,996.2,91.4,13.2,0,0,0,,"Rain, Overcast",rain,"06465099999,06477099999,02110,06479099999,06377099999,06380099999"
"50.99461, 5.53972",2018-03-13T02:00:00,8.4,5,7.2,92.2,0.031,100,rain,0,0,33,24.6,220,995.9,98.8,11.9,0,0,0,,"Rain, Overcast",rain,"06465099999,02110,06479099999,06377099999,06380099999"
"50.99461, 5.53972",2018-03-13T03:00:00,8.2,4.6,7.2,93.6,0.008,100,rain,0,0,36.6,25.9,220,996,100,6.9,0,0,0,,"Rain, Overcast",rain,"06465099999,02110,06479099999,06377099999,06380099999"
"50.99461, 5.53972",2018-03-13T04:00:00,8,4.4,7,93.25,0.015,100,rain,0,0,36.6,25.2,219,995.9,100,10.4,0,0,0,,"Rain, Overcast",rain,"06465099999,02110,06479099999,06377099999,06380099999"
"50.99461, 5.53972",2018-03-13T05:00:00,8.1,4.5,7.1,93.54,0.019,100,rain,0,0,38.6,25,225,996.7,98.8,7.5,0,0,0,,"Rain, Overcast",rain,"06465099999,06477099999,02110,06479099999,06377099999,06380099999"
"50.99461, 5.53972",2018-03-13T06:00:00,8,4.3,6.8,92.21,0,0,,0,0,39.2,25.4,240,997,100,8,0,0,0,,Overcast,cloudy,"06465099999,06477099999,02110,06479099999,06377099999,06380099999"
"50.99461, 5.53972",2018-03-13T07:00:00,7,3.2,6.1,94.43,1.446,100,rain,0,0,42.8,23.5,250,997.8,96.2,4.8,7,0,0,,"Rain, Overcast",rain,"06465099999,06477099999,02110,E8782,06479099999,06377099999,06380099999"
"50.99461, 5.53972",2018-03-13T08:00:00,6.5,2.3,5.5,93.58,0.037,100,rain,0,0,46.6,26.2,251,998.5,96.2,6,12,0,0,,"Rain, Overcast",rain,"06465099999,06477099999,02110,D8201,06479099999,06377099999,06380099999"
"50.99461, 5.53972",2018-03-13T09:00:00,6.2,2.2,5.2,93.73,0.007,100,rain,0,0,46.5,23.5,262,999.7,100,7.2,33,0.1,0,,"Rain, Overcast",rain,"06465099999,06477099999,02110,D8201,06479099999,06377099999,06380099999"
"50.99461, 5.53972",2018-03-13T10:00:00,5.9,2.1,5,93.81,0.011,100,rain,0,0,46.9,22,266,1001.1,96.2,6.8,33,0.1,0,,"Rain, Overcast",rain,"06465099999,06477099999,02110,D8201,06479099999,06377099999,06380099999"
"50.99461, 5.53972",2018-03-13T11:00:00,5.8,2.1,4.8,93.75,0.022,100,rain,0,0,37.3,19.5,279,1002.4,96.2,6.9,55,0.2,1,,"Rain, Overcast",rain,"06465099999,06477099999,02110,D8201,06479099999,06377099999,06380099999"
"50.99461, 5.53972",2018-03-13T12:00:00,5.6,1.8,5,96.01,0.03,100,rain,0,0,36.9,20.5,286,1004,96.2,8.4,45,0.2,0,,"Rain, Overcast",rain,"06465099999,06477099999,02110,D8201,06479099999,06377099999,06380099999"
"50.99461, 5.53972",2018-03-13T13:00:00,5.4,1.7,4.3,92.32,4.282,100,rain,0,0,46.9,19.8,294,1005.3,100,8.9,53,0.2,1,,"Rain, Overcast",rain,"06465099999,06477099999,02110,D8201,06479099999,06377099999,06380099999"
"50.99461, 5.53972",2018-03-13T14:00:00,5.3,1.9,4.1,91.91,0.022,100,rain,0,0,33.1,17,289,1006.4,100,9.1,75,0.3,1,,"Rain, Overcast",rain,"06465099999,06477099999,02110,D8201,06479099999,06377099999,06380099999"
"50.99461, 5.53972",2018-03-13T15:00:00,5.3,2.1,4.4,93.96,0.03,100,rain,0,0,35.7,15.2,294,1007.5,96.2,7.9,33,0.1,0,,"Rain, Overcast",rain,"06465099999,06477099999,02110,D8201,06479099999,06377099999,06380099999"
"50.99461, 5.53972",2018-03-13T16:00:00,5.4,2.4,4.3,92.36,0.015,100,rain,0,0,36,14.4,291,1008.4,100,11,19,0.1,0,,"Rain, Overcast",rain,"06465099999,06477099999,02110,D8201,06479099999,06377099999,06380099999"
"50.99461, 5.53972",2018-03-13T17:00:00,5.4,2.9,4.5,93.79,0,0,,0,0,29.2,11.5,295,1009.2,100,8.4,46,0.2,0,,Overcast,cloudy,"06465099999,06477099999,02110,D8201,06479099999,06377099999,06380099999"
"50.99461, 5.53972",2018-03-13T18:00:00,5.2,2.2,4.1,93.03,0.015,100,rain,0,0,25,13.5,294,1010.2,91.4,11.1,39,0.1,0,,"Rain, Overcast",rain,"06465099999,06477099999,02110,D8201,06479099999,06377099999,06380099999"
"50.99461, 5.53972",2018-03-13T19:00:00,4.8,2.5,3.9,93.88,0.015,100,rain,0,0,36,9.9,290,1011.1,100,11.7,13,0,0,,"Rain, Overcast",rain,"06465099999,06477099999,02110,D8201,06479099999,06377099999,06380099999"
"50.99461, 5.53972",2018-03-13T20:00:00,4.8,2.9,4.1,95.45,0.011,100,rain,0,0,14.2,7.9,270,1011.8,98.8,10.8,0,0,0,,"Rain, Overcast",rain,"06465099999,06477099999,02110,06479099999,06377099999,06380099999"
"50.99461, 5.53972",2018-03-13T21:00:00,4.8,3.8,4.2,95.97,0,0,,0,0,11.7,5,226,1012,100,10.4,0,0,0,,Overcast,cloudy,"06465099999,06477099999,02110,06479099999,06377099999,06380099999"
"50.99461, 5.53972",2018-03-13T22:00:00,4.8,3.9,4.2,95.82,0,0,,0,0,15,4.9,236,1012.1,100,10.4,0,0,0,,Overcast,cloudy,"06465099999,06477099999,02110,06479099999,06377099999,06380099999"
"50.99461, 5.53972",2018-03-13T23:00:00,4.8,3.2,4.2,95.58,0,0,,0,0,11.2,7.1,212,1012.7,100,6.4,0,0,0,,Overcast,cloudy,"06465099999,06477099999,02110,06479099999,06377099999,06380099999"
"50.99461, 5.53972",2018-03-14T00:00:00,5,3.3,4.4,95.61,0,0,,0,0,12.9,7.5,263,1012.9,98.8,6.6,0,0,0,,Overcast,cloudy,"06465099999,06477099999,02110,06479099999,06377099999,06380099999"
"50.99461, 5.53972",2018-03-14T01:00:00,4.9,3.1,4.1,94.04,0.017,100,rain,0,0,15.3,7.8,214,1013,100,6.1,0,0,0,,"Rain, Overcast",rain,"06465099999,06477099999,02110,06479099999,06377099999,06380099999"
"50.99461, 5.53972",2018-03-14T02:00:00,4.4,2.4,3.5,94.11,0,0,,0,0,14,8.2,245,1013,74.7,6.7,0,0,0,,Partially cloudy,partly-cloudy-night,"06465099999,06477099999,02110,06479099999,06377099999,06380099999"
"50.99461, 5.53972",2018-03-14T03:00:00,3.6,2.4,2.9,94.86,0,0,,0,0,11.5,5.4,246,1013.1,24.6,5,0,0,0,,Partially cloudy,partly-cloudy-night,"06465099999,06477099999,02110,06479099999,06377099999,06380099999"
"50.99461, 5.53972",2018-03-14T04:00:00,2,2,1.8,98.72,0,0,,0,0,14.8,4.8,36,1013.1,12.4,3.2,0,0,0,,Clear,clear-night,"06465099999,06477099999,02110,06479099999,06377099999,06380099999"
"50.99461, 5.53972",2018-03-14T05:00:00,1.2,1.2,0.9,97.73,0,0,,0,0,4.3,4.3,17,1013.2,17.9,1.8,0,0,0,,Clear,clear-night,"06465099999,06477099999,02110,06479099999,06377099999,06380099999"
"50.99461, 5.53972",2018-03-14T06:00:00,1.1,1.1,0.8,97.87,0,0,,0,0,4.6,3.8,51,1013.1,37.2,1.5,0,0,0,,Partially cloudy,partly-cloudy-night,"06465099999,06477099999,02110,06479099999,06377099999,06380099999"
"50.99461, 5.53972",2018-03-14T07:00:00,1.1,-0.7,1.1,99.79,0,0,,0,0,14.9,6,103,1013.1,48.2,3.3,7,0,0,,Partially cloudy,partly-cloudy-day,"06465099999,06477099999,02110,D8201,06479099999,06377099999,06380099999"
"50.99461, 5.53972",2018-03-14T08:00:00,1.4,1.4,1.3,99.76,0,0,,0,0,7.2,3.9,79,1013.1,30.2,2.1,29,0.1,0,,Partially cloudy,partly-cloudy-day,"06465099999,06477099999,02110,D8201,06479099999,06377099999,06380099999"
"50.99461, 5.53972",2018-03-14T09:00:00,4.9,4.1,4.3,95.65,0,0,,0,0,7.2,4.9,48,1013.2,24.6,4.5,165,0.6,2,,Partially cloudy,partly-cloudy-day,"06465099999,06477099999,02110,D8201,06479099999,06377099999,06380099999"
"50.99461, 5.53972",2018-03-14T10:00:00,7.5,6.2,5,84.34,0,0,,0,0,8.7,7.2,254,1012.9,28.1,8.5,283,1,3,,Partially cloudy,partly-cloudy-day,"06465099999,06477099999,02110,D8201,06479099999,06377099999,06380099999"
"50.99461, 5.53972",2018-03-14T11:00:00,8.9,7.8,5,76.44,0,0,,0,0,11.5,7.5,266,1012.8,33.5,11.1,436,1.6,4,,Partially cloudy,partly-cloudy-day,"06465099999,06477099999,02110,D8201,06479099999,06377099999,06380099999"
"50.99461, 5.53972",2018-03-14T12:00:00,10.3,10.3,5,69.69,0,0,,0,0,11.8,7.1,165,1012.3,36.3,14.7,418,1.5,4,,Partially cloudy,partly-cloudy-day,"06465099999,06477099999,02110,D8201,06479099999,06377099999,06380099999"
"50.99461, 5.53972",2018-03-14T13:00:00,10.7,10.7,4,63.45,0.051,100,rain,0,0,21.5,8.3,138,1011.1,24.6,15.7,470,1.7,5,,"Rain, Partially cloudy",rain,"06465099999,06477099999,02110,D8201,06479099999,06377099999,06380099999"
"50.99461, 5.53972",2018-03-14T14:00:00,11.5,11.5,4.1,60.18,0,0,,0,0,25.2,13,127,1009.8,29,16.2,378,1.4,4,,Partially cloudy,partly-cloudy-day,"06465099999,06477099999,02110,D8201,06479099999,06377099999,06380099999"
"50.99461, 5.53972",2018-03-14T15:00:00,11.4,11.4,3.4,57.75,0,0,,0,0,28.4,16.4,123,1008.6,49.4,16.4,378,1.4,4,,Partially cloudy,partly-cloudy-day,"06465099999,06477099999,02110,D8201,06479099999,06377099999,06380099999"
"50.99461, 5.53972",2018-03-14T16:00:00,12.4,12.4,3.8,55.72,0,0,,0,0,28.4,12.6,113,1008,28.8,16.2,308,1.1,3,,Partially cloudy,partly-cloudy-day,"06465099999,06477099999,02110,D8201,06479099999,06377099999,06380099999"
"50.99461, 5.53972",2018-03-14T17:00:00,11.6,11.6,3.6,57.98,0,0,,0,0,31.5,13.9,113,1007.3,19.7,17.1,210,0.8,2,,Clear,clear-day,"06465099999,06477099999,02110,D8201,06479099999,06377099999,06380099999"
"50.99461, 5.53972",2018-03-14T18:00:00,11.1,11.1,3.2,58.39,0,0,,0,0,28.8,16.1,118,1006.5,27,17.1,55,0.2,1,,Partially cloudy,partly-cloudy-day,"06465099999,06477099999,02110,D8201,06479099999,06377099999,06380099999"
"50.99461, 5.53972",2018-03-14T19:00:00,9.2,7.1,2.5,62.77,0,0,,0,0,32.4,13.7,117,1006,30,16.5,9,0,0,,Partially cloudy,partly-cloudy-night,"06465099999,06477099999,02110,D8201,06479099999,06377099999,06380099999"
"50.99461, 5.53972",2018-03-14T20:00:00,8.4,6.4,2.8,68.02,0,0,,0,0,21.9,11.4,102,1005.5,30.9,15,0,0,0,,Partially cloudy,partly-cloudy-night,"06465099999,06477099999,02110,06479099999,06377099999,06380099999"
"50.99461, 5.53972",2018-03-14T21:00:00,7.4,4.9,2.9,72.97,0,0,,0,0,21.9,13.4,98,1004.6,30.9,15.4,0,0,0,,Partially cloudy,partly-cloudy-night,"06465099999,06477099999,02110,06479099999,06377099999,06380099999"
"50.99461, 5.53972",2018-03-14T22:00:00,7.1,4.6,2.4,72.17,0,0,,0,0,22.3,12.7,99,1004.2,30.9,16.1,0,0,0,,Partially cloudy,partly-cloudy-night,"06465099999,06477099999,02110,06479099999,06377099999,06380099999"
"50.99461, 5.53972",2018-03-14T23:00:00,6.9,4.1,2.1,71.61,0,0,,0,0,27.8,14.9,98,1003.3,30.9,16,0,0,0,,Partially cloudy,partly-cloudy-night,"06465099999,06477099999,02110,06479099999,06377099999,06380099999"
"50.99461, 5.53972",2018-03-15T00:00:00,6.3,3.7,2.1,74.71,0,0,,0,0,28.1,12.6,91,1002.5,30.9,16.7,0,0,0,,Partially cloudy,partly-cloudy-night,"06465099999,06477099999,02110,06479099999,06377099999,06380099999"
"50.99461, 5.53972",2018-03-15T01:00:00,5.9,2.7,1.8,75.19,0,0,,0,0,28.8,15.5,100,1001.5,30.9,14.7,0,0,0,,Partially cloudy,partly-cloudy-night,"06465099999,06477099999,02110,06479099999,06377099999,06380099999"
"50.99461, 5.53972",2018-03-15T02:00:00,5.6,2.4,1.6,75.42,0,0,,0,0,27.6,15.3,101,1000.6,30.9,13.9,0,0,0,,Partially cloudy,partly-cloudy-night,"06465099999,06477099999,02110,06479099999,06377099999,06380099999"
"50.99461, 5.53972",2018-03-15T03:00:00,5.2,1.9,1.5,76.95,0,0,,0,0,27.6,16,101,999.5,30.9,13.7,0,0,0,,Partially cloudy,partly-cloudy-night,"06465099999,06477099999,02110,06479099999,06377099999,06380099999"
"50.99461, 5.53972",2018-03-15T04:00:00,5.4,2.1,1.3,74.9,0,0,,0,0,27.6,16.1,103,998.3,32.5,13.2,0,0,0,,Partially cloudy,partly-cloudy-night,"06465099999,06477099999,02110,06479099999,06377099999,06380099999"
"50.99461, 5.53972",2018-03-15T05:00:00,5.4,2.3,1.1,73.41,0,0,,0,0,26.8,14.8,102,997.6,40.7,13.5,0,0,0,,Partially cloudy,partly-cloudy-night,"06465099999,06477099999,02110,06479099999,06377099999,06380099999"
"50.99461, 5.53972",2018-03-15T06:00:00,5.3,2.1,1,73.91,0,0,,0,0,23.3,15.2,95,996.7,39.8,13.5,0,0,0,,Partially cloudy,partly-cloudy-night,"06465099999,06477099999,02110,06479099999,06377099999,06380099999"
"50.99461, 5.53972",2018-03-15T07:00:00,5.5,2.2,0.9,72.04,0,0,,0,0,27.6,16.3,95,996.4,46.4,15.5,9,0,0,,Partially cloudy,partly-cloudy-day,"06465099999,06477099999,02110,D8201,06479099999,06377099999,06380099999"
"50.99461, 5.53972",2018-03-15T08:00:00,5.8,3.1,1.1,71.82,0,0,,0,0,22.9,12.8,105,996.4,53,15.2,56,0.2,1,,Partially cloudy,partly-cloudy-day,"06465099999,06477099999,02110,D8201,06479099999,06377099999,06380099999"
"50.99461, 5.53972",2018-03-15T09:00:00,6.9,4.4,1.3,67.58,0,0,,0,0,18.3,12.9,98,996.3,57.5,15.4,126,0.5,1,,Partially cloudy,partly-cloudy-day,"06465099999,06477099999,02110,D8201,06479099999,06377099999,06380099999"
"50.99461, 5.53972",2018-03-15T10:00:00,8.5,6.3,2.7,66.59,0,0,,0,0,23.9,13.7,103,995.9,30.9,11.5,244,0.9,2,,Partially cloudy,partly-cloudy-day,"06477099999,02110,D8201,06377099999,06380099999"
"50.99461, 5.53972",2018-03-15T11:00:00,8.9,7.3,2.8,65.51,0,0,,0,0,23,10.7,110,995.7,30.9,10.9,227,0.8,2,,Partially cloudy,partly-cloudy-day,"06477099999,02110,D8201,06377099999,06380099999"
"50.99461, 5.53972",2018-03-15T12:00:00,9.9,8,3.3,63.65,0,0,,0,0,20.7,12.9,110,995.5,60.8,13.2,172,0.6,2,,Partially cloudy,partly-cloudy-day,"06465099999,06477099999,02110,D8201,06479099999,06377099999,06380099999"
"50.99461, 5.53972",2018-03-15T13:00:00,10.9,10.9,3.1,58.54,0.021,100,rain,0,0,26.9,13.4,129,995.3,60.8,13.9,137,0.5,1,,"Rain, Partially cloudy",rain,"06465099999,06477099999,02110,D8201,06479099999,06377099999,06380099999"
"50.99461, 5.53972",2018-03-15T14:00:00,10.6,10.6,3.3,60.66,0,0,,0,0,25,12.4,129,995.1,79.8,14.3,151,0.5,2,,Partially cloudy,partly-cloudy-day,"06465099999,06477099999,02110,D8201,06479099999,06377099999,06380099999"
"50.99461, 5.53972",2018-03-15T15:00:00,10.5,10.5,3.5,62.06,0,0,,0,0,17.3,9.3,94,994.9,81,13.5,102,0.4,1,,Partially cloudy,partly-cloudy-day,"06465099999,06477099999,02110,D8201,06479099999,06377099999,06380099999"
"50.99461, 5.53972",2018-03-15T16:00:00,9.8,8.7,4.1,67.37,0,0,,0,0,25.9,8.7,90,995.4,96.2,14.5,60,0.2,1,,Overcast,cloudy,"06465099999,06477099999,02110,D8201,06479099999,06377099999,06380099999"
"50.99461, 5.53972",2018-03-15T17:00:00,8.4,7.5,5.7,83.07,0,0,,0,0,19.2,6.6,96,995.6,100,9.8,20,0.1,0,,Overcast,cloudy,"06465099999,06477099999,02110,D8201,06479099999,06377099999,06380099999"
"50.99461, 5.53972",2018-03-15T18:00:00,7.5,5.8,5.8,89.05,0,0,,0,0,16.7,9.4,95,995.9,98.8,7.6,8,0,0,,Overcast,cloudy,"06465099999,06477099999,02110,D8201,06479099999,06377099999,06380099999"
"50.99461, 5.53972",2018-03-15T19:00:00,7.1,4.7,5.6,90.61,2.786,100,rain,0,0,26.5,12.7,105,995.9,96.2,7.9,0,0,0,,"Rain, Overcast",rain,"06465099999,06477099999,02110,06479099999,06377099999,06380099999"
"50.99461, 5.53972",2018-03-15T20:00:00,6.9,4.1,5.6,91.32,0.059,100,rain,0,0,25.2,15.2,107,996.4,100,7.9,0,0,0,,"Rain, Overcast",rain,"06465099999,06477099999,02110,06479099999,06377099999,06380099999"
"50.99461, 5.53972",2018-03-15T21:00:00,6.9,4.2,5.5,90.92,0.041,100,rain,0,0,22.6,14.2,117,996.4,98.8,7.7,0,0,0,,"Rain, Overcast",rain,"06465099999,06477099999,02110,06479099999,06377099999,06380099999"
"50.99461, 5.53972",2018-03-15T22:00:00,6.7,4.9,5.7,92.87,0.026,100,rain,0,0,25.5,9.4,116,996.6,100,7.4,0,0,0,,"Rain, Overcast",rain,"06465099999,06477099999,02110,06479099999,06377099999,06380099999"
"50.99461, 5.53972",2018-03-15T23:00:00,6.2,5.4,5.5,94.92,0.004,100,rain,0,0,15.3,5.4,107,996.8,62,6.6,0,0,0,,"Rain, Partially cloudy",rain,"06465099999,06477099999,02110,06479099999,06377099999,06380099999"
"50.99461, 5.53972",2018-03-16T00:00:00,6.3,4.9,5.6,95.45,0.004,100,rain,0,0,12.4,7.2,88,996.9,98.8,6.1,0,0,0,,"Rain, Overcast",rain,"06465099999,06477099999,02110,06479099999,06377099999,06380099999"
"50.99461, 5.53972",2018-03-16T01:00:00,6.1,4.7,5.3,94.64,1.948,100,rain,0,0,25.5,7.3,62,997,95.5,6,0,0,0,,"Rain, Overcast",rain,"06465099999,06477099999,02110,06479099999,06377099999,06380099999"
"50.99461, 5.53972",2018-03-16T02:00:00,5.6,4,5,96.54,0,0,,0,0,11.5,7.1,102,997.7,98.8,5.2,0,0,0,,Overcast,cloudy,"06465099999,06477099999,02110,06479099999,06377099999,06380099999"
"50.99461, 5.53972",2018-03-16T03:00:00,4.4,3.1,4.1,97.9,0,0,,0,0,11.5,5.9,118,997.8,57.5,5.3,0,0,0,,Partially cloudy,partly-cloudy-night,"06465099999,06477099999,02110,06479099999,06377099999,06380099999"
"50.99461, 5.53972",2018-03-16T04:00:00,3.7,3.7,3.4,97.87,0,0,,0,0,11.5,4.7,43,997.7,57.5,4,0,0,0,,Partially cloudy,partly-cloudy-night,"06465099999,06477099999,02110,06479099999,06377099999,06380099999"
"50.99461, 5.53972",2018-03-16T05:00:00,3.5,3.5,3.2,98.25,0,0,,0,0,4.9,4.3,13,998.1,51.3,3.9,0,0,0,,Partially cloudy,partly-cloudy-night,"06465099999,06477099999,02110,06479099999,06377099999,06380099999"
"50.99461, 5.53972",2018-03-16T06:00:00,3.7,3.7,3.4,98.21,0,0,,0,0,7.2,4.6,98,998.7,70.5,5.7,0,0,0,,Partially cloudy,partly-cloudy-night,"06465099999,06477099999,02110,06479099999,06377099999,06380099999"
"50.99461, 5.53972",2018-03-16T07:00:00,4.2,4.2,4,98.16,0,0,,0,0,11.5,4.5,82,999.1,93.8,6.1,5,0,0,,Overcast,cloudy,"06465099999,06477099999,02110,D8201,06479099999,06377099999,06380099999"
"50.99461, 5.53972",2018-03-16T08:00:00,5.1,5.1,4.8,97.96,0,0,,0,0,4.8,4.6,101,999.8,98.8,5.1,17,0.1,0,,Overcast,cloudy,"06465099999,06477099999,02110,D8201,06479099999,06377099999,06380099999"
"50.99461, 5.53972",2018-03-16T09:00:00,6.3,5.6,6,97.92,0,0,rain,0,0.02,3.9,4.9,246,1000.4,98.8,3.7,61,0.2,1,,Overcast,cloudy,"06465099999,06477099999,02110,D8201,06479099999,06377099999,06380099999"
"50.99461, 5.53972",2018-03-16T10:00:00,7.4,7.4,7,97.58,0.004,100,rain,0,0.04,7.6,4.6,71,1000.8,96.2,4,110,0.4,1,,"Rain, Overcast",rain,"06465099999,06477099999,02110,D8201,06479099999,06377099999,06380099999"
"50.99461, 5.53972",2018-03-16T11:00:00,8.2,6.9,7.6,96.13,0,0,rain,0,0.06,13.8,7.9,310,1000.7,100,3.7,64,0.2,1,,Overcast,cloudy,"06465099999,02110,D8201,06479099999,06377099999,06380099999"
"50.99461, 5.53972",2018-03-16T12:00:00,8.7,7.1,8.1,96.31,0,0,rain,0,0.09,13.8,9.7,292,1001.9,98.8,4.6,65,0.2,1,,Overcast,cloudy,"06465099999,06477099999,02110,D8201,06479099999,06377099999,06380099999"
"50.99461, 5.53972",2018-03-16T13:00:00,9.2,8,8,92.2,2.145,100,rain,0,0.11,17.6,8,310,1002.4,95,5.7,94,0.3,1,,"Rain, Overcast",rain,"06465099999,06477099999,02110,D8201,06479099999,06377099999,06380099999"
"50.99461, 5.53972",2018-03-16T14:00:00,9.4,8.2,8.2,91.82,0.071,100,rain,0,0.13,17.7,8.7,343,1002.4,95,6.4,65,0.2,1,,"Rain, Overcast",rain,"06465099999,06477099999,02110,D8201,06479099999,06377099999,06380099999"
"50.99461, 5.53972",2018-03-16T15:00:00,9.7,8.4,7.8,87.82,0.022,100,rain,0,0.15,15.9,9.5,358,1002.5,98.8,6.5,94,0.3,1,,"Rain, Overcast",rain,"06465099999,06477099999,02110,D8201,06479099999,06377099999,06380099999"
"50.99461, 5.53972",2018-03-16T16:00:00,9,7.1,7.4,89.46,0,0,rain,0,0.17,21.6,12.5,31,1002.6,95,5,55,0.2,1,,Overcast,cloudy,"06465099999,06477099999,02110,D8201,06479099999,06377099999,06380099999"
"50.99461, 5.53972",2018-03-16T17:00:00,7.8,5.3,6.6,92.49,0,0,rain,0,0.19,21.9,14.2,39,1002.8,98.8,3.3,29,0.1,0,,Overcast,cloudy,"06465099999,06477099999,E5682,02110,06479099999,06377099999,06380099999"
"50.99461, 5.53972",2018-03-16T18:00:00,6.4,3.5,5.5,94.24,0,0,rain,0,0.21,22.5,14.9,47,1003.6,100,4.3,19,0.1,0,,Overcast,cloudy,"06465099999,06477099999,E5682,02110,06479099999,06377099999,06380099999"
"50.99461, 5.53972",2018-03-16T19:00:00,5,1.3,4.1,93.53,0,0,rain,0,0.24,26.4,18.2,45,1004.5,98.8,4.5,7,0,0,,Overcast,cloudy,"06465099999,06477099999,E5682,02110,06479099999,06377099999,06380099999"
"50.99461, 5.53972",2018-03-16T20:00:00,4.2,0.6,3,91.88,0,0,rain,0.02,0.26,31.7,15.9,55,1005.1,98.8,5,0,0,0,,Overcast,cloudy,"06465099999,06477099999,02110,06479099999,06377099999,06380099999"
"50.99461, 5.53972",2018-03-16T21:00:00,3.3,-0.8,2.4,94.27,0,0,rain,0.02,0.28,25.3,17.7,57,1005.4,100,3.8,0,0,0,,Overcast,cloudy,"06465099999,06477099999,02110,06479099999,06377099999,06380099999"
"50.99461, 5.53972",2018-03-16T22:00:00,2.5,-1.8,1.3,91.34,0.004,100,rain,0.02,0.3,32.1,18.6,57,1006,98.8,5.9,0,0,0,,"Rain, Overcast",snow,"06465099999,06477099999,02110,06479099999,06377099999,06380099999"
"50.99461, 5.53972",2018-03-16T23:00:00,2.1,-2.4,0.9,91.35,0.004,100,rain,0.02,0.32,29.2,18.9,55,1006.1,100,6.7,0,0,0,,"Rain, Overcast",snow,"06465099999,06477099999,02110,06479099999,06377099999,06380099999"
"50.99461, 5.53972",2018-03-17T00:00:00,1.5,-3.2,-0.1,89.19,0.015,100,"rain,snow",0.02,0.34,29.2,19.4,56,1006.1,95,7.4,0,0,0,,"Snow, Rain, Overcast",snow,"06465099999,06477099999,02110,06479099999,06377099999,06380099999"
"50.99461, 5.53972",2018-03-17T01:00:00,1.1,-3.3,-0.5,88.98,0.212,100,"rain,snow",0.02,0.36,32.1,16.3,53,1006.1,100,7.3,0,0,0,,"Snow, Rain, Overcast",snow,"06465099999,06477099999,02110,06479099999,06377099999,06380099999"
"50.99461, 5.53972",2018-03-17T02:00:00,0.7,-4.2,-0.9,88.66,0.004,100,"rain,snow",0.02,0.38,34.4,19.1,50,1005.5,98.8,8.7,0,0,0,,"Snow, Rain, Overcast",snow,"06465099999,06477099999,02110,06479099999,06377099999,06380099999"
"50.99461, 5.53972",2018-03-17T03:00:00,0.5,-4.7,-1.5,86.73,0,0,"rain,snow",0.02,0.41,36.9,20.5,55,1005.6,100,9.3,0,0,0,,Overcast,cloudy,"06465099999,06477099999,02110,06479099999,06377099999,06380099999"
"50.99461, 5.53972",2018-03-17T04:00:00,0.1,-5.3,-1.9,86.75,0,0,"rain,snow",0.02,0.43,40.5,21,52,1005.1,98.8,8.4,0,0,0,,Overcast,cloudy,"06465099999,06477099999,02110,06479099999,06377099999,06380099999"
"50.99461, 5.53972",2018-03-17T05:00:00,-0.5,-6.3,-1.9,90.48,0,0,"rain,snow",0.02,0.45,40,23,55,1004.9,98.8,5.5,0,0,0,,Overcast,cloudy,"06465099999,06477099999,02110,06479099999,06377099999,06380099999"
"50.99461, 5.53972",2018-03-17T06:00:00,-0.7,-6.6,-2.5,87.79,0,0,"rain,snow",0.02,0.47,40.2,23.4,58,1004.7,100,8,0,0,0,,Overcast,cloudy,"06465099999,06477099999,02110,06479099999,06377099999,06380099999"
"50.99461, 5.53972",2018-03-17T07:00:00,-1.3,-7.2,-2.8,89.09,0,0,"rain,snow",0.02,0.49,43.8,22.2,55,1004.5,95.2,4.6,0,0,0,,Overcast,cloudy,"06465099999,06477099999,02110,06479099999,06377099999,06380099999"
"50.99461, 5.53972",2018-03-17T08:00:00,-1.6,-7.9,-2.9,91.33,0,0,"rain,snow",0.02,0.51,40.5,24.1,57,1004.6,98.8,4.8,8,0,0,,Overcast,cloudy,"06465099999,06477099999,E5682,02110,06479099999,06377099999,06380099999"
"50.99461, 5.53972",2018-03-17T09:00:00,-1.8,-8.5,-3.5,88.21,0,0,,0,0.5,39.9,27.8,50,1004.6,100,5.7,28,0.1,0,,Overcast,cloudy,"06465099999,06477099999,E5682,02110,06479099999,06377099999,06380099999"
"50.99461, 5.53972",2018-03-17T10:00:00,-2,-9.1,-4.2,84.93,0,0,,0,0.49,44.7,30.5,55,1004.6,100,5.7,64,0.2,1,,Overcast,cloudy,"06465099999,06477099999,E5682,02110,06479099999,06377099999,06380099999"
"50.99461, 5.53972",2018-03-17T11:00:00,-2,-8.7,-4.2,84.71,0.004,100,"rain,snow",0,0.48,50.1,27.7,57,1004.5,98.8,6.8,74,0.3,1,,"Snow, Rain, Overcast",snow,"06465099999,06477099999,E5682,02110,06479099999,06377099999,06380099999"
"50.99461, 5.53972",2018-03-17T12:00:00,-2,-9,-4.3,84.24,0.007,100,snow,0,0.46,48.1,28.7,58,1004.5,100,7.1,85,0.3,1,,"Snow, Overcast",snow,"06465099999,06477099999,E5682,02110,06479099999,06377099999,06380099999"
"50.99461, 5.53972",2018-03-17T13:00:00,-2,-8.6,-4.5,83.16,0.957,100,snow,0,0.45,51.3,25.5,64,1004.6,100,8.7,82,0.3,1,,"Snow, Overcast",snow,"06465099999,06477099999,E5682,02110,06479099999,06377099999,06380099999"
"50.99461, 5.53972",2018-03-17T14:00:00,-2.1,-9,-5.1,80.26,0,0,,0,0.44,50.5,28.3,60,1004.1,98.8,9.5,83,0.3,1,,Overcast,cloudy,"06465099999,06477099999,E5682,02110,06479099999,06377099999,06380099999"
"50.99461, 5.53972",2018-03-17T15:00:00,-1.9,-8.8,-5.3,77.67,0,0,,0,0.43,51.3,28.1,67,1004.1,98.8,15.3,79,0.3,1,,Overcast,cloudy,"06465099999,06477099999,E5682,02110,06479099999,06377099999,06380099999"
"50.99461, 5.53972",2018-03-17T16:00:00,-2,-8.8,-6,74.27,0,0,,0,0.41,54.1,28.3,62,1004,100,16.3,57,0.2,1,,Overcast,cloudy,"06465099999,06477099999,E5682,02110,06479099999,06377099999,06380099999"
"50.99461, 5.53972",2018-03-17T17:00:00,-1.8,-8.4,-6.4,71,0,0,,0,0.4,47.7,26.6,67,1004.1,100,17.2,35,0.1,0,,Overcast,cloudy,"06465099999,06477099999,E5682,02110,06479099999,06377099999,06380099999"
"50.99461, 5.53972",2018-03-17T18:00:00,-1.8,-8.4,-6.4,70.45,0,0,,0,0.39,50.5,27,69,1004.5,98.8,17.9,16,0.1,0,,Overcast,cloudy,"06465099999,06477099999,E5682,02110,06479099999,06377099999,06380099999"
"50.99461, 5.53972",2018-03-17T19:00:00,-1.8,-8.6,-6.6,70.01,0,0,,0,0.38,54.1,27.9,67,1005.1,100,16.9,6,0,0,,Overcast,cloudy,"06465099999,06477099999,02110,D8201,06479099999,06377099999,06380099999"
"50.99461, 5.53972",2018-03-17T20:00:00,-2.1,-8.6,-6.8,70.04,0,0,,0,0.37,46.5,24.7,67,1005.5,100,17.9,0,0,0,,Overcast,cloudy,"06465099999,06477099999,02110,06479099999,06377099999,06380099999"
"50.99461, 5.53972",2018-03-17T21:00:00,-2.1,-8.3,-6.9,69.51,0,0,,0,0.35,43.3,23.4,67,1005.7,98.8,16.2,0,0,0,,Overcast,cloudy,"06465099999,06477099999,02110,06479099999,06377099999,06380099999"
"50.99461, 5.53972",2018-03-17T22:00:00,-2,-8.3,-7.2,67.84,0,0,,0,0.34,46.5,23.6,68,1006.1,100,17.6,0,0,0,,Overcast,cloudy,"06465099999,06477099999,02110,06479099999,06377099999,06380099999"
"50.99461, 5.53972",2018-03-17T23:00:00,-2,-8.2,-7.1,67.98,0,0,,0,0.33,43.8,23,66,1006.3,100,17.7,0,0,0,,Overcast,cloudy,"06465099999,06477099999,02110,06479099999,06377099999,06380099999"
"50.99461, 5.53972",2018-03-18T00:00:00,-2.2,-8.7,-7.1,68.67,0,0,,0,0.32,45.3,25.6,66,1006.3,95.5,17.4,0,0,0,,Overcast,cloudy,"06465099999,06477099999,02110,06479099999,06377099999,06380099999"
"50.99461, 5.53972",2018-03-18T01:00:00,-2.2,-8.4,-7.2,68.53,0,0,,0,0.3,46.9,23.2,60,1006.4,77.7,16.4,0,0,0,,Partially cloudy,partly-cloudy-night,"06465099999,06477099999,02110,06479099999,06377099999,06380099999"
"50.99461, 5.53972",2018-03-18T02:00:00,-2.2,-8.1,-7,69.39,0,0,,0,0.29,36.4,21.1,60,1006.6,58.7,16.5,0,0,0,,Partially cloudy,partly-cloudy-night,"06465099999,06477099999,02110,06479099999,06377099999,06380099999"
"50.99461, 5.53972",2018-03-18T03:00:00,-2.2,-8.1,-7,69.36,0,0,,0,0.28,37.3,21.2,58,1006.5,98.8,17.4,0,0,0,,Overcast,cloudy,"06465099999,06477099999,02110,06479099999,06377099999,06380099999"
"50.99461, 5.53972",2018-03-18T04:00:00,-1.9,-8.2,-7.1,67.81,0,0,,0,0.27,42.3,23.5,58,1006.3,100,16.6,0,0,0,,Overcast,cloudy,"06465099999,06477099999,02110,06479099999,06377099999,06380099999"
"50.99461, 5.53972",2018-03-18T05:00:00,-2.1,-8.2,-7.2,68.34,0,0,,0,0.26,38,22,60,1006.4,100,17.9,0,0,0,,Overcast,cloudy,"06465099999,06477099999,02110,06479099999,06377099999,06380099999"
"50.99461, 5.53972",2018-03-18T06:00:00,-2.2,-8.2,-7.4,67.4,0,0,,0,0.24,40.5,21.4,60,1006.6,98.8,17.6,0,0,0,,Overcast,cloudy,"06465099999,06477099999,02110,06479099999,06377099999,06380099999"
"50.99461, 5.53972",2018-03-18T07:00:00,-2.4,-8.9,-7.5,68.03,0,0,,0,0.23,44.1,23.8,58,1006.8,98.8,17.6,5,0,0,,Overcast,cloudy,"06465099999,06477099999,E5682,02110,06479099999,06377099999,06380099999"
"50.99461, 5.53972",2018-03-18T08:00:00,-2.1,-8.4,-8,64.01,0,0,,0,0.22,40.3,23.7,67,1007.5,81,17.4,64,0.2,1,,Partially cloudy,partly-cloudy-day,"06465099999,06477099999,E5682,02110,06479099999,06377099999,06380099999"
"50.99461, 5.53972",2018-03-18T09:00:00,-1.6,-7.8,-7.5,64.44,0,0,,0,0.21,39.3,23.7,65,1007.8,96.2,15.9,94,0.3,1,,Overcast,cloudy,"06465099999,06477099999,E5682,02110,06479099999,06377099999,06380099999"
"50.99461, 5.53972",2018-03-18T10:00:00,-1.7,-8.5,-7.2,66.34,0,0,,0,0.2,44.1,28,67,1008.3,93.3,11.8,105,0.4,1,,Overcast,cloudy,"06465099999,06477099999,E5682,02110,06479099999,06377099999,06380099999"
"50.99461, 5.53972",2018-03-18T11:00:00,-1.6,-7.9,-6.7,68.29,0,0,,0,0.19,40.8,24.7,60,1008.5,95.5,12,103,0.4,1,,Overcast,cloudy,"06465099999,06477099999,E5682,02110,06479099999,06377099999,06380099999"
"50.99461, 5.53972",2018-03-18T12:00:00,-2,-8.5,-6.5,71.36,0,0,,0,0.18,43.6,25.4,72,1008.7,96.7,15.7,165,0.6,2,,Overcast,cloudy,"06465099999,06477099999,E5682,02110,06479099999,06377099999,06380099999"
"50.99461, 5.53972",2018-03-18T13:00:00,-1.6,-8,-6.8,67.44,0.015,100,"rain,snow",0,0.17,44.1,25.2,58,1008.7,95.5,16.3,206,0.7,2,,"Snow, Rain, Overcast",snow,"06465099999,06477099999,E5682,02110,06479099999,06377099999,06380099999"
"50.99461, 5.53972",2018-03-18T14:00:00,-0.9,-7.2,-7,63.03,0,0,,0,0.16,44.1,26.6,53,1008.5,82,16.5,234,0.8,2,,Partially cloudy,partly-cloudy-day,"06465099999,06477099999,E5682,02110,06479099999,06377099999,06380099999"
"50.99461, 5.53972",2018-03-18T15:00:00,-0.2,-6.3,-7.3,58.59,0,0,,0,0.15,44.1,26.4,58,1008.2,85.6,16.9,229,0.8,2,,Partially cloudy,partly-cloudy-day,"06465099999,06477099999,E5682,02110,06479099999,06377099999,06380099999"
"50.99461, 5.53972",2018-03-18T16:00:00,0.6,-5.2,-7.3,55.48,0,0,,0,0.15,44.1,25.9,58,1008.3,88.6,17.9,138,0.5,1,,Partially cloudy,partly-cloudy-day,"06465099999,06477099999,E5682,02110,06479099999,06377099999,06380099999"
"50.99461, 5.53972",2018-03-18T17:00:00,0.9,-4.1,-7.2,54.52,0,0,,0,0.14,42.9,20.5,65,1008.3,96.7,17.9,88,0.3,1,,Overcast,cloudy,"06465099999,06477099999,E5682,02110,06479099999,06377099999,06380099999"
"50.99461, 5.53972",2018-03-18T18:00:00,0.9,-3.5,-7.2,54.72,0,0,,0,0.13,39.1,16.1,70,1008.7,86.8,18.7,36,0.1,0,,Partially cloudy,partly-cloudy-day,"06465099999,06477099999,E5682,02110,06479099999,06377099999,06380099999"
"50.99461, 5.53972",2018-03-18T19:00:00,0.4,-4,-7.3,56.26,0,0,,0,0.12,44.1,15.7,69,1009.6,98.8,19.6,12,0,0,,Overcast,cloudy,"06465099999,06477099999,E5682,02110,06479099999,06377099999,06380099999"
"50.99461, 5.53972",2018-03-18T20:00:00,0.1,-4.4,-7.5,56.64,0,0,,0,0.11,30.4,15.5,70,1010.2,95.5,18.7,0,0,0,,Overcast,cloudy,"06465099999,06477099999,02110,06479099999,06377099999,06380099999"
"50.99461, 5.53972",2018-03-18T21:00:00,0.1,-5,-8.1,54.05,0,0,,0,0.1,35.4,19.8,92,1010.6,96.7,18.7,0,0,0,,Overcast,cloudy,"06465099999,06477099999,02110,06479099999,06377099999,06380099999"
"50.99461, 5.53972",2018-03-18T22:00:00,-0.5,-5.6,-8.5,54.53,0,0,,0,0.09,36.1,18.2,89,1011.1,83,18.7,0,0,0,,Partially cloudy,partly-cloudy-night,"06465099999,06477099999,02110,06479099999,06377099999,06380099999"
"50.99461, 5.53972",2018-03-18T23:00:00,-0.6,-5.8,-9.3,51.77,0,0,,0,0.08,34.2,18.7,80,1011.2,92.2,17.6,0,0,0,,Overcast,cloudy,"06465099999,06477099999,02110,06479099999,06377099999,06380099999"
"50.99461, 5.53972",2018-03-19T00:00:00,-0.8,-5.8,-9.6,51.47,0,0,,0,0.07,33.9,17.3,79,1011.3,70.1,20.4,0,0,0,,Partially cloudy,partly-cloudy-night,"06465099999,06477099999,02110,06479099999,06377099999,06380099999"
"50.99461, 5.53972",2018-03-19T01:00:00,-1,-6.2,-9.8,51.32,0,0,,0,0.06,36.1,17.8,80,1011.3,54.2,18.7,0,0,0,,Partially cloudy,partly-cloudy-night,"06465099999,06477099999,02110,06479099999,06377099999,06380099999"
"50.99461, 5.53972",2018-03-19T02:00:00,-1.5,-6.5,-9.7,53.57,0,0,,0,0.05,33.5,16.3,78,1011.2,57.5,18.7,0,0,0,,Partially cloudy,partly-cloudy-night,"06465099999,06477099999,02110,06479099999,06377099999,06380099999"
"50.99461, 5.53972",2018-03-19T03:00:00,-1.5,-6.5,-10.4,50.66,0,0,,0,0.05,30.2,16.5,72,1011,58.7,17.9,0,0,0,,Partially cloudy,partly-cloudy-night,"06465099999,06477099999,02110,06479099999,06377099999,06380099999"
"50.99461, 5.53972",2018-03-19T04:00:00,-1.8,-6.3,-9.8,54.49,0,0,,0,0.04,33.5,13.2,65,1010.7,58.7,18.7,0,0,0,,Partially cloudy,partly-cloudy-night,"06465099999,06477099999,02110,06479099999,06377099999,06380099999"
"50.99461, 5.53972",2018-03-19T05:00:00,-2.1,-6.9,-10,54.7,0,0,,0,0.03,27.3,14.8,65,1011,29.4,18.7,0,0,0,,Partially cloudy,partly-cloudy-night,"06465099999,06477099999,02110,06479099999,06377099999,06380099999"
"50.99461, 5.53972",2018-03-19T06:00:00,-2.4,-7.4,-10.1,55.36,0,0,,0,0.02,30.9,15.4,65,1011.2,53,18.7,0,0,0,,Partially cloudy,partly-cloudy-night,"06465099999,06477099999,02110,06479099999,06377099999,06380099999"
"50.99461, 5.53972",2018-03-19T07:00:00,-2.3,-7.4,-9.7,56.78,0,0,,0,0.01,33.8,15.9,72,1011.3,54.2,18.7,16,0.1,0,,Partially cloudy,partly-cloudy-day,"06465099999,06477099999,E5682,02110,06479099999,06377099999,06380099999"
"50.99461, 5.53972",2018-03-19T08:00:00,-2.1,-7.7,-9.5,56.79,0,0,,0,0,28.8,19.1,62,1011.7,92.2,18.7,39,0.1,0,,Overcast,cloudy,"06465099999,06477099999,E5682,02110,06479099999,06377099999,06380099999"
"50.99461, 5.53972",2018-03-19T09:00:00,-1.9,-7.3,-9.6,55.34,0,0,"rain,snow",0.01,0.01,28.8,18.1,73,1011.9,83.9,17.1,104,0.4,1,,Partially cloudy,partly-cloudy-day,"06465099999,06477099999,E5682,02110,06479099999,06377099999,06380099999"
"50.99461, 5.53972",2018-03-19T10:00:00,-1.5,-6.8,-9.1,56.4,0,0,"rain,snow",0.01,0.03,29.7,18.1,74,1012.3,85.6,17.2,167,0.6,2,,Partially cloudy,partly-cloudy-day,"06465099999,06477099999,E5682,02110,06479099999,06377099999,06380099999"
"50.99461, 5.53972",2018-03-19T11:00:00,-0.9,-6.3,-8.8,54.96,0,0,"rain,snow",0.01,0.04,32.1,20,56,1012.7,77.8,16.9,194,0.7,2,,Partially cloudy,partly-cloudy-day,"06465099999,06477099999,E5682,02110,06479099999,06377099999,06380099999"
"50.99461, 5.53972",2018-03-19T12:00:00,-0.3,-5.6,-8.5,54.26,0,0,"rain,snow",0.01,0.06,32.4,19.4,65,1013,39.8,16.7,277,1,3,,Partially cloudy,partly-cloudy-day,"06465099999,06477099999,E5682,02110,06479099999,06377099999,06380099999"
"50.99461, 5.53972",2018-03-19T13:00:00,0.9,-4,-7.5,53.24,0,0,"rain,snow",0.01,0.07,36.1,20,76,1013.1,41,16.1,377,1.4,4,,Partially cloudy,partly-cloudy-day,"06465099999,06477099999,E5682,02110,06479099999,06377099999,06380099999"
"50.99461, 5.53972",2018-03-19T14:00:00,2,-2.9,-7.1,50.98,0,0,rain,0.01,0.08,39,21.6,68,1012.9,36.4,16.9,430,1.5,4,,Partially cloudy,partly-cloudy-day,"06465099999,06477099999,E5682,02110,06479099999,06377099999,06380099999"
"50.99461, 5.53972",2018-03-19T15:00:00,3,-1.5,-7.2,47.01,0,0,rain,0.01,0.1,37.4,19.9,60,1013,39.8,16.9,470,1.7,5,,Partially cloudy,partly-cloudy-day,"06465099999,06477099999,E5682,02110,06479099999,06377099999,06380099999"
"50.99461, 5.53972",2018-03-19T16:00:00,3.3,-0.9,-7.1,46.63,0,0,rain,0.01,0.11,39,19,58,1012.7,27.3,18.7,353,1.3,4,,Partially cloudy,partly-cloudy-day,"06465099999,06477099999,E5682,02110,06479099999,06377099999,06380099999"
"50.99461, 5.53972",2018-03-19T17:00:00,3.2,-1,-8.1,43.19,0,0,rain,0.01,0.13,32.5,18.9,54,1012.7,14.7,17.9,188,0.7,2,,Clear,clear-day,"06465099999,06477099999,E5682,02110,06479099999,06377099999,06380099999"
"50.99461, 5.53972",2018-03-19T18:00:00,2.7,-1.6,-8.5,43.46,0,0,rain,0.01,0.14,32.4,19.2,41,1013.5,3.8,17.9,43,0.2,0,,Clear,clear-day,"06465099999,06477099999,E5682,02110,06479099999,06377099999,06380099999"
"50.99461, 5.53972",2018-03-19T19:00:00,1.4,-2.1,-8.2,48.91,0,0,"rain,snow",0.01,0.15,39,12,37,1014.3,3.8,17.9,13,0,0,,Clear,clear-night,"06465099999,06477099999,E5682,02110,06479099999,06377099999,06380099999"
"50.99461, 5.53972",2018-03-19T20:00:00,0.7,-3.5,-8.4,50.74,0,0,"rain,snow",0.01,0.17,25.2,15.1,39,1015.3,3.8,18.7,0,0,0,,Clear,clear-night,"06465099999,06477099999,02110,06479099999,06377099999,06380099999"
"50.99461, 5.53972",2018-03-19T21:00:00,0,-4.4,-9.4,49.14,0,0,"rain,snow",0.01,0.18,27.3,14.9,36,1015.9,0,18.7,0,0,0,,Clear,clear-night,"06465099999,06477099999,02110,06479099999,06377099999,06380099999"
"50.99461, 5.53972",2018-03-19T22:00:00,-0.7,-5.2,-10.4,48.16,0,0,"rain,snow",0.01,0.19,28.1,14.5,27,1016.7,0,18.7,0,0,0,,Clear,clear-night,"06465099999,06477099999,02110,06479099999,06377099999,06380099999"
"50.99461, 5.53972",2018-03-19T23:00:00,-1.5,-5.2,-10.6,49.76,0,0,"rain,snow",0.01,0.21,26.8,10.6,31,1017,0,18.7,0,0,0,,Clear,clear-night,"06465099999,06477099999,02110,06479099999,06377099999,06380099999"
"50.99461, 5.53972",2018-03-20T00:00:00,-2.1,-6.1,-11,50.59,0,0,snow,0.01,0.22,18.3,11.1,23,1017.6,0,18.7,0,0,0,,Clear,clear-night,"06465099999,06477099999,02110,06479099999,06377099999,06380099999"
"50.99461, 5.53972",2018-03-20T01:00:00,-2.4,-6.4,-10.5,54.01,0,0,snow,0.01,0.24,28.1,10.6,9,1017.8,0,18.7,0,0,0,,Clear,clear-night,"06465099999,06477099999,02110,06479099999,06377099999,06380099999"
"50.99461, 5.53972",2018-03-20T02:00:00,-3,-6.7,-9.9,59.23,0,0,snow,0.01,0.25,17.1,9.5,4,1017.9,0,18.7,0,0,0,,Clear,clear-night,"06465099999,06477099999,02110,06479099999,06377099999,06380099999"
"50.99461, 5.53972",2018-03-20T03:00:00,-3.6,-6,-9.5,63.67,0,0,snow,0.01,0.26,14.3,5.6,346,1018.4,9.3,17.9,0,0,0,,Clear,clear-night,"06465099999,06477099999,02110,06479099999,06377099999,06380099999"
"50.99461, 5.53972",2018-03-20T04:00:00,-3.6,-6.7,-8.7,68.2,0,0,snow,0.01,0.28,17.6,7.2,325,1018.4,60.8,17.9,0,0,0,,Partially cloudy,partly-cloudy-night,"06465099999,06477099999,02110,06479099999,06377099999,06380099999"
"50.99461, 5.53972",2018-03-20T05:00:00,-2.6,-5,-7.3,70.54,0,0,snow,0.01,0.29,11.1,6,290,1018.2,98.8,14.7,0,0,0,,Overcast,cloudy,"06465099999,06477099999,02110,06479099999,06377099999,06380099999"
"50.99461, 5.53972",2018-03-20T06:00:00,-2.2,-5.1,-6.9,70.18,0.004,100,snow,0.01,0.31,11.5,7.3,264,1018.2,96.7,14,0,0,0,,"Snow, Overcast",snow,"06465099999,06477099999,02110,06479099999,06377099999,06380099999"
"50.99461, 5.53972",2018-03-20T07:00:00,-1.7,-4.8,-5.3,76.53,0.013,100,"rain,snow",0.01,0.32,18,8.2,264,1018.4,96.7,6.2,7,0,0,,"Snow, Rain, Overcast",snow,"06465099999,06477099999,E5682,02110,06479099999,06377099999,06380099999"
"50.99461, 5.53972",2018-03-20T08:00:00,-1.5,-4.2,-2.7,91.07,0.015,100,"rain,snow",0.01,0.33,12.7,7.3,254,1019,93.8,5.6,23,0.1,0,,"Snow, Rain, Overcast",snow,"06465099999,06477099999,E5682,02110,06479099999,06377099999,06380099999"
"50.99461, 5.53972",2018-03-20T09:00:00,-0.1,-2.4,-1.7,88.76,0,0,,0,0.32,8.6,6.9,291,1019.6,95.5,10.5,96,0.3,1,,Overcast,cloudy,"06465099999,06477099999,E5682,02110,06479099999,06377099999,06380099999"
"50.99461, 5.53972",2018-03-20T10:00:00,2.4,-0.6,0.1,84.78,0,0,,0,0.31,18.3,11,335,1019.7,80.8,13.2,280,1,3,,Partially cloudy,partly-cloudy-day,"06465099999,06477099999,E5682,02110,06479099999,06377099999,06380099999"
"50.99461, 5.53972",2018-03-20T11:00:00,5,0.9,-0.6,66.92,0,0,,0,0.29,36.6,21.9,17,1020.6,32.2,16.9,608,2.2,6,,Partially cloudy,partly-cloudy-day,"06465099999,06477099999,E5682,02110,06479099999,06377099999,06380099999"
"50.99461, 5.53972",2018-03-20T12:00:00,6.4,2.2,-3.2,50.04,0,0,,0,0.28,43.8,26.9,27,1021.3,20,17.6,628,2.3,6,,Clear,clear-day,"06465099999,06477099999,E5682,02110,06479099999,06377099999,06380099999"
"50.99461, 5.53972",2018-03-20T13:00:00,7.6,4,-4.7,41.36,0.367,100,rain,0,0.26,44.2,24.1,19,1021.7,12,18.7,629,2.3,6,,Rain,rain,"06465099999,06477099999,E5682,02110,06479099999,06377099999,06380099999"
"50.99461, 5.53972",2018-03-20T14:00:00,8.2,4.5,-6.5,34.53,0,0,,0,0.25,53.3,26.5,19,1022.2,13.7,16.9,597,2.1,6,,Clear,clear-day,"06465099999,06477099999,E5682,02110,06479099999,06377099999,06380099999"
"50.99461, 5.53972",2018-03-20T15:00:00,8.7,4.9,-6.5,33.47,0,0,,0,0.24,47.1,29.7,19,1022.4,6.9,16.7,522,1.9,5,,Clear,clear-day,"06465099999,06477099999,E5682,02110,06479099999,06377099999,06380099999"
"50.99461, 5.53972",2018-03-20T16:00:00,8.6,5.1,-7.7,30.86,0,0,,0,0.22,53.7,25.4,19,1022.9,6.9,17.9,406,1.5,4,,Clear,clear-day,"06465099999,06477099999,E5682,02110,06479099999,06377099999,06380099999"
"50.99461, 5.53972",2018-03-20T17:00:00,8.3,4.7,-8.3,29.9,0,0,,0,0.21,46.4,25.7,15,1023.5,6.9,16.9,212,0.8,2,,Clear,clear-day,"06465099999,06477099999,E5682,02110,06479099999,06377099999,06380099999"
"50.99461, 5.53972",2018-03-20T18:00:00,7.1,3.1,-8.7,31.35,0,0,,0,0.19,44.2,26.7,22,1024.4,3.8,19.6,37,0.1,0,,Clear,clear-day,"06465099999,06477099999,E5682,02110,06479099999,06377099999,06380099999"
"50.99461, 5.53972",2018-03-20T19:00:00,5.6,2.2,-8.5,35.45,0,0,,0,0.18,53.7,16.8,7,1025.5,3.8,20.4,9,0,0,,Clear,clear-night,"06465099999,06477099999,E5682,02110,06479099999,06377099999,06380099999"
"50.99461, 5.53972",2018-03-20T20:00:00,4.3,1.2,-7.2,42.96,0,0,,0,0.17,26.2,12.7,357,1026.5,3.8,18.7,0,0,0,,Clear,clear-night,"06465099999,06477099999,02110,06479099999,06377099999,06380099999"
"50.99461, 5.53972",2018-03-20T21:00:00,3,-0.2,-5.6,53.23,0,0,,0,0.15,19.2,12.6,356,1027.5,8.1,18.7,0,0,0,,Clear,clear-night,"06465099999,06477099999,02110,06479099999,06377099999,06380099999"
"50.99461, 5.53972",2018-03-20T22:00:00,2,-1,-4.3,62.78,0,0,,0,0.14,26.2,10.5,355,1028.4,11.6,18.7,0,0,0,,Clear,clear-night,"06465099999,06477099999,02110,06479099999,06377099999,06380099999"
"50.99461, 5.53972",2018-03-20T23:00:00,1.1,-1.5,-3.7,70.03,0,0,,0,0.13,17.9,8.4,351,1028.8,17.4,17.9,0,0,0,,Clear,clear-night,"06465099999,06477099999,02110,06479099999,06377099999,06380099999"
"50.99461, 5.53972",2018-03-21T00:00:00,0.2,-2.4,-3.4,76.55,0,0,,0,0.11,15,7.7,345,1029.1,28.3,16.9,0,0,0,,Partially cloudy,partly-cloudy-night,"06465099999,06477099999,02110,06479099999,06377099999,06380099999"
"50.99461, 5.53972",2018-03-21T01:00:00,-0.4,-3,-3.3,80.72,0,0,,0,0.1,26.2,7.5,344,1029.6,1.8,15,0,0,0,,Clear,clear-night,"06465099999,06477099999,02110,06479099999,06377099999,06380099999"
"50.99461, 5.53972",2018-03-21T02:00:00,-1.8,-3.8,-3.3,89.75,0,0,,0,0.08,11.5,5.3,329,1029.7,16.1,9.7,0,0,0,,Clear,clear-night,"06465099999,06477099999,02110,06479099999,06377099999,06380099999"
"50.99461, 5.53972",2018-03-21T03:00:00,-2.2,-4.6,-2.9,94.59,0,0,,0,0.07,9.6,6.3,324,1029.9,62,4.5,0,0,0,,Partially cloudy,partly-cloudy-night,"06465099999,06477099999,02110,06479099999,06377099999,06380099999"
"50.99461, 5.53972",2018-03-21T04:00:00,-1.1,-4.4,-1.4,97.58,0,0,,0,0.06,18.6,9.4,342,1030.1,60.8,4.4,0,0,0,,Partially cloudy,partly-cloudy-night,"06465099999,06477099999,02110,06479099999,06377099999,06380099999"
"50.99461, 5.53972",2018-03-21T05:00:00,-1,-3.6,-1.5,96.29,0,0,,0,0.04,18,7.2,339,1030.3,98.8,5,0,0,0,,Overcast,cloudy,"06465099999,06477099999,02110,06479099999,06377099999,06380099999"
"50.99461, 5.53972",2018-03-21T06:00:00,-0.8,-0.8,-1.4,95.84,0,0,,0,0.03,14.7,3.9,332,1030.4,98.1,6.2,0,0,0,,Overcast,cloudy,"06465099999,06477099999,02110,06479099999,06377099999,06380099999"
"50.99461, 5.53972",2018-03-21T07:00:00,-0.6,-0.6,-1.3,94.55,0,0,,0,0.01,18.6,3.9,319,1030.6,98.8,6.5,8,0,0,,Overcast,cloudy,"06465099999,06477099999,E5682,02110,06479099999,06377099999,06380099999"
"50.99461, 5.53972",2018-03-21T08:00:00,-0.3,-0.3,-1.3,93.18,0,0,,0,0,10.8,4.6,261,1030.9,95.5,7.3,23,0.1,0,,Overcast,cloudy,"06465099999,06477099999,E5682,02110,06479099999,06377099999,06380099999"
"50.99461, 5.53972",2018-03-21T09:00:00,0.5,-1.1,-0.9,90.19,0,0,,0,0,7.5,5.1,179,1031.4,94.3,7,56,0.2,1,,Overcast,cloudy,"06465099999,06477099999,E5682,02110,06479099999,06377099999,06380099999"
"50.99461, 5.53972",2018-03-21T10:00:00,1.5,-0.5,-0.5,86.18,0,0,,0,0,11.7,6.8,224,1031.5,91,10.6,124,0.4,1,,Overcast,cloudy,"06465099999,06477099999,E5682,02110,06479099999,06377099999,06380099999"
"50.99461, 5.53972",2018-03-21T11:00:00,2.4,0.2,-0.9,78.92,0,0,,0,0,13.7,7.5,215,1031.3,91,11.5,192,0.7,2,,Overcast,cloudy,"06465099999,06477099999,E5682,02110,06479099999,06377099999,06380099999"
"50.99461, 5.53972",2018-03-21T12:00:00,4.3,2.2,-1.4,66.79,0,0,,0,0,14.7,8.5,252,1031.1,79.4,13.4,555,2,6,,Partially cloudy,partly-cloudy-day,"06465099999,06477099999,E5682,02110,06479099999,06377099999,06380099999"
"50.99461, 5.53972",2018-03-21T13:00:00,5.3,3.5,-1.3,62.38,0,0,,0,0,15.1,7.9,220,1030.8,71.5,14.7,552,2,6,,Partially cloudy,partly-cloudy-day,"06465099999,06477099999,E5682,02110,06479099999,06377099999,06380099999"
"50.99461, 5.53972",2018-03-21T14:00:00,6.4,5,-2.1,54.72,0,0,,0,0,14.4,7.1,304,1030,93.8,15.1,563,2,6,,Overcast,cloudy,"06465099999,06477099999,E5682,02110,06479099999,06377099999,06380099999"
"50.99461, 5.53972",2018-03-21T15:00:00,6.8,5.1,-1.7,54.45,0,0,,0,0,21,9,253,1029.4,95,16.4,397,1.4,4,,Overcast,cloudy,"06465099999,06477099999,E5682,02110,06479099999,06377099999,06380099999"
"50.99461, 5.53972",2018-03-21T16:00:00,6.5,4.5,-2,54.85,0,0,,0,0,21.3,9.8,269,1029.1,95.5,16.9,184,0.7,2,,Overcast,cloudy,"06465099999,06477099999,E5682,02110,06479099999,06377099999,06380099999"
"50.99461, 5.53972",2018-03-21T17:00:00,6.6,4.6,-1.4,56.62,0,0,,0,0,17.7,9.8,276,1028.8,95.5,16.7,108,0.4,1,,Overcast,cloudy,"06465099999,06477099999,E5682,02110,06479099999,06377099999,06380099999"
"50.99461, 5.53972",2018-03-21T18:00:00,6,4.3,-0.9,61.24,0,0,,0,0,14.8,8.1,259,1028.5,55.4,16.9,58,0.2,1,,Partially cloudy,partly-cloudy-day,"06465099999,06477099999,E5682,02110,06479099999,06377099999,06380099999"
"50.99461, 5.53972",2018-03-21T19:00:00,4.6,2.7,-0.6,69,0,0,,0,0,21.3,7.9,228,1028.3,74.9,15.9,15,0.1,0,,Partially cloudy,partly-cloudy-night,"06465099999,06477099999,E5682,02110,06479099999,06377099999,06380099999"
"50.99461, 5.53972",2018-03-21T20:00:00,2.2,0.7,-1,79.28,0,0,,0,0,8.1,5.5,232,1028.2,32.9,15.9,0,0,0,,Partially cloudy,partly-cloudy-night,"06465099999,06477099999,02110,06479099999,06377099999,06380099999"
"50.99461, 5.53972",2018-03-21T21:00:00,2.1,-0.1,-1,80.11,0,0,,0,0,10.9,7.6,239,1028,70.9,12.9,0,0,0,,Partially cloudy,partly-cloudy-night,"06465099999,06477099999,02110,06479099999,06377099999,06380099999"
"50.99461, 5.53972",2018-03-21T22:00:00,1.7,-0.8,-1.3,80.42,0,0,,0,0,11.2,8.1,219,1027.4,58.8,13.2,0,0,0,,Partially cloudy,partly-cloudy-night,"06465099999,06477099999,02110,06479099999,06377099999,06380099999"
"50.99461, 5.53972",2018-03-21T23:00:00,2,-0.3,-0.6,82.68,0,0,,0,0,11.2,7.7,247,1027,57.5,13.6,0,0,0,,Partially cloudy,partly-cloudy-night,"06465099999,06477099999,02110,06479099999,06377099999,06380099999"
"50.99461, 5.53972",2018-03-22T00:00:00,2,-0.5,-0.7,82.26,0,0,,0,0,12,8.5,215,1026,60.8,13.2,0,0,0,,Partially cloudy,partly-cloudy-night,"06465099999,06477099999,02110,06479099999,06377099999,06380099999"
"50.99461, 5.53972",2018-03-22T01:00:00,2.8,-0.9,-0.5,79.09,0,0,,0,0,18,14.8,214,1025.3,60.8,14,0,0,0,,Partially cloudy,partly-cloudy-night,"06465099999,06477099999,02110,06479099999,06377099999,06380099999"
"50.99461, 5.53972",2018-03-22T02:00:00,3.4,-0.4,-0.1,77.82,0,0,,0,0,22.2,15.9,226,1024.3,62,13.9,0,0,0,,Partially cloudy,partly-cloudy-night,"06465099999,06477099999,02110,06479099999,06377099999,06380099999"
"50.99461, 5.53972",2018-03-22T03:00:00,3.5,-0.1,0.6,81.46,0,0,,0,0,22.2,15.1,234,1023.4,60.8,11.7,0,0,0,,Partially cloudy,partly-cloudy-night,"06465099999,06477099999,02110,06479099999,06377099999,06380099999"
"50.99461, 5.53972",2018-03-22T04:00:00,3.5,-0.5,1.3,85.47,0.004,100,rain,0,0,27.9,17.7,236,1022.3,95,10.9,0,0,0,,"Rain, Overcast",rain,"06465099999,06477099999,02110,06479099999,06377099999,06380099999"
"50.99461, 5.53972",2018-03-22T05:00:00,3.5,-0.5,1.4,86.23,0,0,,0,0,25.3,18,233,1021.2,100,10.6,0,0,0,,Overcast,cloudy,"06465099999,06477099999,02110,06479099999,06377099999,06380099999"
"50.99461, 5.53972",2018-03-22T06:00:00,3.6,-0.4,1.6,86.64,0,0,,0,0,28.2,17.5,237,1020.4,98.8,10.2,0,0,0,,Overcast,cloudy,"06465099999,06477099999,02110,06479099999,06377099999,06380099999"
"50.99461, 5.53972",2018-03-22T07:00:00,3.4,-0.9,2,90.63,0.303,100,rain,0,0,29.7,19.6,236,1020.1,100,6.2,5,0,0,,"Rain, Overcast",rain,"06465099999,06477099999,02110,D8201,06479099999,06377099999,06380099999"
"50.99461, 5.53972",2018-03-22T08:00:00,3.3,-0.7,2.5,94.64,0.063,100,rain,0,0,31.2,17,238,1019.8,100,3.5,11,0,0,,"Rain, Overcast",rain,"06465099999,06477099999,E5682,02110,06479099999,06377099999,06380099999"
"50.99461, 5.53972",2018-03-22T09:00:00,3.5,-0.8,2.9,95.74,0.026,100,rain,0,0,25.5,19.7,233,1019,100,4.8,28,0.1,0,,"Rain, Overcast",rain,"06465099999,06477099999,E5682,02110,06479099999,06377099999,06380099999"
"50.99461, 5.53972",2018-03-22T10:00:00,4,0.2,3.5,96.95,0,0,,0,0,32.1,16.8,244,1018.4,100,2.5,49,0.2,0,,Overcast,cloudy,"06465099999,06477099999,E5682,02110,06479099999,06377099999,06380099999"
"50.99461, 5.53972",2018-03-22T11:00:00,4.6,1.2,4.2,96.73,0.004,100,rain,0,0,29.2,16.1,260,1018.1,100,2.7,58,0.2,1,,"Rain, Overcast",rain,"06465099999,06477099999,E5682,02110,06479099999,06377099999,06380099999"
"50.99461, 5.53972",2018-03-22T12:00:00,5.2,1.9,4.8,97.07,0.011,100,rain,0,0,27.2,15.6,263,1017.4,100,2.9,91,0.3,1,,"Rain, Overcast",rain,"06465099999,06477099999,E5682,02110,06479099999,06377099999,06380099999"
"50.99461, 5.53972",2018-03-22T13:00:00,5.9,3.5,5.6,97.51,2.332,100,rain,0,0,33,11.3,267,1016.9,100,4.5,131,0.5,1,,"Rain, Overcast",rain,"06465099999,06477099999,E5682,02110,06479099999,06377099999,06380099999"
"50.99461, 5.53972",2018-03-22T14:00:00,6.6,4,6.2,97.11,0,0,,0,0,25.6,13.6,280,1016.3,96.2,6,129,0.5,1,,Overcast,cloudy,"06465099999,06477099999,E5682,02110,06479099999,06377099999,06380099999"
"50.99461, 5.53972",2018-03-22T15:00:00,7.3,4.8,6.1,92.23,0.004,100,rain,0,0,28.4,13.5,295,1016,98.3,7.4,71,0.3,1,,"Rain, Overcast",rain,"06465099999,06477099999,E5682,02110,06479099999,06377099999,06380099999"
"50.99461, 5.53972",2018-03-22T16:00:00,7.2,5.1,6.1,93.02,0,0,,0,0,28.8,10.8,297,1015.8,96.2,6.5,50,0.2,1,,Overcast,cloudy,"06465099999,06477099999,E5682,02110,06479099999,06377099999,06380099999"
"50.99461, 5.53972",2018-03-22T17:00:00,7.3,5.5,5.8,90.17,0,0,,0,0,19.2,9.7,279,1015.3,95,7,70,0.3,1,,Overcast,cloudy,"06465099999,06477099999,E5682,02110,06479099999,06377099999,06380099999"
"50.99461, 5.53972",2018-03-22T18:00:00,6.9,5,5.6,91.36,0,0,,0,0,22,10.2,276,1015.4,91.4,5.7,16,0.1,0,,Overcast,cloudy,"06465099999,06477099999,E5682,02110,06479099999,06377099999,06380099999"
"50.99461, 5.53972",2018-03-22T19:00:00,6.8,4.8,5.6,91.93,0,0,,0,0,28.8,10.3,267,1015.4,98.8,6.3,7,0,0,,Overcast,cloudy,"06465099999,06477099999,E5682,02110,06479099999,06377099999,06380099999"
"50.99461, 5.53972",2018-03-22T20:00:00,6.6,4.7,5.1,90.51,0,0,,0,0,17.4,9.3,278,1015.3,98.8,6.4,0,0,0,,Overcast,cloudy,"06465099999,06477099999,02110,06479099999,06377099999,06380099999"
"50.99461, 5.53972",2018-03-22T21:00:00,6.4,5,5.4,93.12,0.004,100,rain,0,0,14.1,7.3,264,1015.2,100,5.7,0,0,0,,"Rain, Overcast",rain,"06465099999,06477099999,02110,06479099999,06377099999,06380099999"
"50.99461, 5.53972",2018-03-22T22:00:00,6.2,4.7,5.5,95.47,0,0,,0,0,18.1,7.5,249,1015,100,4,0,0,0,,Overcast,cloudy,"06465099999,06477099999,02110,06479099999,06377099999,06380099999"
"50.99461, 5.53972",2018-03-22T23:00:00,6.2,4.7,5.7,96.77,0,0,,0,0,11.2,7.3,243,1014.8,95,2.1,0,0,0,,Overcast,cloudy,"06465099999,06477099999,02110,06479099999,06377099999,06380099999"
"50.99461, 5.53972",2018-03-23T00:00:00,6.1,4.5,6,99.13,0,0,,0,0,15.4,7.8,245,1014,100,1.1,0,0,0,,Overcast,cloudy,"06465099999,06477099999,02110,06479099999,06377099999,06380099999"
"50.99461, 5.53972",2018-03-23T01:00:00,6.1,3.8,5.7,97.31,0.214,100,rain,0,0,18.7,10.8,245,1013.2,100,1.8,0,0,0,,"Rain, Overcast",rain,"06465099999,06477099999,02110,06479099999,06377099999,06380099999"
"50.99461, 5.53972",2018-03-23T02:00:00,5.6,3.2,4.8,95.19,0.004,100,rain,0,0,24.2,10.9,255,1012.9,98.8,3.9,0,0,0,,"Rain, Overcast",rain,"06465099999,06477099999,02110,06479099999,06377099999,06380099999"
"50.99461, 5.53972",2018-03-23T03:00:00,5.2,3.3,4.1,92.63,0,0,,0,0,15.6,8.3,225,1012.2,100,6.7,0,0,0,,Overcast,cloudy,"06465099999,06477099999,02110,06479099999,06377099999,06380099999"
"50.99461, 5.53972",2018-03-23T04:00:00,5.1,2.4,3.8,91.47,0,0,,0,0,24.2,11.7,224,1011.8,100,9.6,0,0,0,,Overcast,cloudy,"06465099999,06477099999,02110,06479099999,06377099999,06380099999"
"50.99461, 5.53972",2018-03-23T05:00:00,4.9,2,3.4,90.57,0,0,,0,0,14.8,12.5,226,1011.3,98.8,8.9,0,0,0,,Overcast,cloudy,"06465099999,06477099999,02110,06479099999,06377099999,06380099999"
"50.99461, 5.53972",2018-03-23T06:00:00,4.7,1.8,3.1,89.81,0,0,,0,0,17.7,12.3,220,1010.9,98.8,10.2,0,0,0,,Overcast,cloudy,"06465099999,06477099999,02110,06479099999,06377099999,06380099999"
"50.99461, 5.53972",2018-03-23T07:00:00,4.5,1.7,2.8,88.86,0,0,,0,0,24.2,12,212,1010.3,100,10.6,9,0,0,,Overcast,cloudy,"06465099999,06477099999,E5682,02110,06479099999,06377099999,06380099999"
"50.99461, 5.53972",2018-03-23T08:00:00,5,2.3,3,86.73,0,0,,0,0,18,11.8,215,1010,96.7,12,39,0.1,0,,Overcast,cloudy,"06465099999,06477099999,E5682,02110,06479099999,06377099999,06380099999"
"50.99461, 5.53972",2018-03-23T09:00:00,5.3,2.1,3,84.75,0,0,,0,0,21.9,15.2,217,1009.8,98.8,13.8,84,0.3,1,,Overcast,cloudy,"06465099999,06477099999,E5682,02110,06479099999,06377099999,06380099999"
"50.99461, 5.53972",2018-03-23T10:00:00,5.5,2.4,2.9,82.84,0,0,,0,0,25.2,15.4,212,1009.1,95,14.6,85,0.3,1,,Overcast,cloudy,"06465099999,06477099999,E5682,02110,06479099999,06377099999,06380099999"
"50.99461, 5.53972",2018-03-23T11:00:00,5.5,1.6,2.1,78.87,0,0,,0,0,32.8,21,219,1008.7,100,16.5,83,0.3,1,,Overcast,cloudy,"06465099999,06477099999,E5682,02110,06479099999,06377099999,06380099999"
"50.99461, 5.53972",2018-03-23T12:00:00,5.4,1.4,1.7,77.15,0,0,,0,0,35.7,21.8,216,1007.8,98.8,16,76,0.3,1,,Overcast,cloudy,"06465099999,06477099999,E5682,02110,06479099999,06377099999,06380099999"
"50.99461, 5.53972",2018-03-23T13:00:00,5.7,1.9,2.1,77.75,0,0,,0,0,36.1,21.1,211,1006.9,96.7,16.2,80,0.3,1,,Overcast,cloudy,"06465099999,06477099999,E5682,02110,06479099999,06377099999,06380099999"
"50.99461, 5.53972",2018-03-23T14:00:00,6.7,2.9,2.1,72.4,0,0,,0,0,33,23.8,197,1005.9,98.8,15.4,281,1,3,,Overcast,cloudy,"06465099999,06477099999,E5682,02110,06479099999,06377099999,06380099999"
"50.99461, 5.53972",2018-03-23T15:00:00,7,3.8,2.5,72.66,0,0,,0,0,35,19,205,1005.5,95.5,16.2,209,0.8,2,,Overcast,cloudy,"06465099999,06477099999,E5682,02110,06479099999,06377099999,06380099999"
"50.99461, 5.53972",2018-03-23T16:00:00,7.2,4.1,2.4,71.3,0,0,,0,0,35.4,18.2,214,1005,100,16.9,167,0.6,2,,Overcast,cloudy,"06465099999,06477099999,E5682,02110,06479099999,06377099999,06380099999"
"50.99461, 5.53972",2018-03-23T17:00:00,7.1,4.4,2.4,71.9,0,0,,0,0,29.1,14.8,205,1004.5,100,15.8,67,0.2,1,,Overcast,cloudy,"06465099999,06477099999,E5682,02110,06479099999,06377099999,06380099999"
"50.99461, 5.53972",2018-03-23T18:00:00,6.7,4.1,2.5,74.4,0,0,,0,0,22.6,13.5,198,1004.1,98.8,15.7,22,0.1,0,,Overcast,cloudy,"06465099999,06477099999,E5682,02110,06479099999,06377099999,06380099999"
"50.99461, 5.53972",2018-03-23T19:00:00,6.5,4.2,2.7,76.28,0,0,,0,0,35.7,11.8,192,1003.8,100,16.1,7,0,0,,Overcast,cloudy,"06465099999,06477099999,E5682,02110,06479099999,06377099999,06380099999"
"50.99461, 5.53972",2018-03-23T20:00:00,6.3,4,2.7,77.91,0,0,,0,0,16.2,11.1,182,1003.9,100,14.5,0,0,0,,Overcast,cloudy,"06465099999,06477099999,02110,06479099999,06377099999,06380099999"
"50.99461, 5.53972",2018-03-23T21:00:00,6,3.8,2.8,79.55,0,0,,0,0,18.7,10.7,241,1003.4,98.8,14.5,0,0,0,,Overcast,cloudy,"06465099999,06477099999,02110,06479099999,06377099999,06380099999"
"50.99461, 5.53972",2018-03-23T22:00:00,5.9,3.7,2.8,80.71,0,0,,0,0,19,10.4,301,1003.3,98.8,14,0,0,0,,Overcast,cloudy,"06465099999,06477099999,02110,06479099999,06377099999,06380099999"
"50.99461, 5.53972",2018-03-23T23:00:00,5.6,3.9,2.7,81.13,0,0,,0,0,14.8,7.8,138,1003,100,13.7,0,0,0,,Overcast,cloudy,"06465099999,06477099999,02110,06479099999,06377099999,06380099999"
"50.99461, 5.53972",2018-03-24T00:00:00,5.1,2.9,2.5,83.03,0,0,,0,0,14.8,9.6,75,1002.5,100,13.6,0,0,0,,Overcast,cloudy,"06465099999,06477099999,02110,06479099999,06377099999,06380099999"
"50.99461, 5.53972",2018-03-24T01:00:00,5,3.4,2.4,83.66,0,0,,0,0,19,7,116,1002.3,98.8,13.2,0,0,0,,Overcast,cloudy,"06465099999,06477099999,02110,06479099999,06377099999,06380099999"
"50.99461, 5.53972",2018-03-24T02:00:00,4.7,3.1,2.2,83.49,0,0,,0,0,10.5,6.8,117,1002,100,13.2,0,0,0,,Overcast,cloudy,"06465099999,06477099999,02110,06479099999,06377099999,06380099999"
"50.99461, 5.53972",2018-03-24T03:00:00,4.7,3.2,1.9,82.44,0,0,,0,0,10.8,6.4,110,1001.8,100,13,0,0,0,,Overcast,cloudy,"06465099999,06477099999,02110,06479099999,06377099999,06380099999"
"50.99461, 5.53972",2018-03-24T04:00:00,4.5,3,1.9,82.96,0,0,,0,0,11.2,6.7,97,1001.6,98.8,13.1,0,0,0,,Overcast,cloudy,"06465099999,06477099999,02110,06479099999,06377099999,06380099999"
"50.99461, 5.53972",2018-03-24T05:00:00,4.6,3.1,1.9,82.67,0,0,,0,0,11.1,6.4,99,1001.6,100,13.1,0,0,0,,Overcast,cloudy,"06465099999,06477099999,02110,06479099999,06377099999,06380099999"
"50.99461, 5.53972",2018-03-24T06:00:00,4.6,3,1.8,82.07,0,0,,0,0,7.5,7,75,1001.5,100,13,0,0,0,,Overcast,cloudy,"06465099999,06477099999,02110,06479099999,06377099999,06380099999"
"50.99461, 5.53972",2018-03-24T07:00:00,4.5,2.9,1.8,82.4,0,0,,0,0,14.4,6.8,111,1001.7,98.8,13.5,10,0,0,,Overcast,cloudy,"06465099999,06477099999,E5682,02110,06479099999,06377099999,06380099999"
"50.99461, 5.53972",2018-03-24T08:00:00,4.9,2.6,1.6,79.26,0,0,,0,0,17.6,9.8,122,1002.1,100,14.9,31,0.1,0,,Overcast,cloudy,"06465099999,06477099999,E5682,02110,06479099999,06377099999,06380099999"
"50.99461, 5.53972",2018-03-24T09:00:00,5.5,4.3,1.8,77.08,0,0,,0,0,18,5.9,72,1002.6,98.8,16,103,0.4,1,,Overcast,cloudy,"06465099999,06477099999,E5682,02110,06479099999,06377099999,06380099999"
"50.99461, 5.53972",2018-03-24T10:00:00,7.2,6,2.1,70.03,0,0,,0,0,17.6,6.9,102,1002.7,95,14.9,338,1.2,3,,Overcast,cloudy,"06465099999,06477099999,E5682,02110,06479099999,06377099999,06380099999"
"50.99461, 5.53972",2018-03-24T11:00:00,9,7.4,1.5,59.27,0,0,,0,0,17.9,10,114,1002.4,49.8,16.7,544,2,5,,Partially cloudy,partly-cloudy-day,"06465099999,06477099999,E5682,02110,06479099999,06377099999,06380099999"
"50.99461, 5.53972",2018-03-24T12:00:00,10,8.6,2,57.52,0,0,,0,0,24.8,10,125,1002.1,45.3,16.4,604,2.2,6,,Partially cloudy,partly-cloudy-day,"06465099999,06477099999,E5682,02110,06479099999,06377099999,06380099999"
"50.99461, 5.53972",2018-03-24T13:00:00,11.1,11.1,2.6,55.78,0,0,,0,0,25.5,13.9,123,1001.7,39.6,16.4,659,2.4,7,,Partially cloudy,partly-cloudy-day,"06465099999,06477099999,E5682,02110,06479099999,06377099999,06380099999"
"50.99461, 5.53972",2018-03-24T14:00:00,11.9,11.9,2.7,53.26,0,0,,0,0,24.8,8.5,136,1001.7,53.7,15.5,549,2,5,,Partially cloudy,partly-cloudy-day,"06465099999,06477099999,E5682,02110,06479099999,06377099999,06380099999"
"50.99461, 5.53972",2018-03-24T15:00:00,12.2,12.2,2.6,51.66,0,0,,0,0,20.9,10,120,1001.6,45.4,14.9,535,1.9,5,,Partially cloudy,partly-cloudy-day,"06465099999,06477099999,E5682,02110,06479099999,06377099999,06380099999"
"50.99461, 5.53972",2018-03-24T16:00:00,12.6,12.6,2.6,50.57,0,0,,0,0,24.8,11,94,1001.5,21.1,15.4,388,1.4,4,,Partially cloudy,partly-cloudy-day,"06465099999,06477099999,E5682,02110,06479099999,06377099999,06380099999"
"50.99461, 5.53972",2018-03-24T17:00:00,12.5,12.5,2.9,52.19,0,0,,0,0,18.4,9.8,68,1001.6,24.7,16.6,213,0.8,2,,Partially cloudy,partly-cloudy-day,"06465099999,06477099999,E5682,02110,06479099999,06377099999,06380099999"
"50.99461, 5.53972",2018-03-24T18:00:00,11.6,11.6,2.4,53.36,0,0,,0,0,20.9,12.9,56,1001.9,30.9,16.3,63,0.2,1,,Partially cloudy,partly-cloudy-day,"06465099999,06477099999,E5682,02110,06479099999,06377099999,06380099999"
"50.99461, 5.53972",2018-03-24T19:00:00,9.8,8.4,1.9,57.78,0.008,100,rain,0,0,24.8,10.2,46,1002.5,3.1,15.7,20,0.1,0,,Rain,rain,"06465099999,06477099999,E5682,02110,06479099999,06377099999,06380099999"
"50.99461, 5.53972",2018-03-24T20:00:00,8.1,6.9,1.7,64.01,0,0,,0,0,17.1,7.7,52,1002.9,0,13.5,0,0,0,,Clear,clear-night,"06465099999,06477099999,02110,06479099999,06377099999,06380099999"
"50.99461, 5.53972",2018-03-24T21:00:00,6.9,5.6,1.6,68.72,0,0,,0,0,13.2,7.3,57,1003.2,0,13.2,0,0,0,,Clear,clear-night,"06465099999,06477099999,02110,06479099999,06377099999,06380099999"
"50.99461, 5.53972",2018-03-24T22:00:00,6,4.5,1.2,71.23,0,0,,0,0,17.6,7.3,45,1003.7,0,12.1,0,0,0,,Clear,clear-night,"06465099999,06477099999,02110,06479099999,06377099999,06380099999"
"50.99461, 5.53972",2018-03-24T23:00:00,4.5,4.5,0.4,74.75,0,0,,0,0,10.8,4.8,65,1003.9,0,11.8,0,0,0,,Clear,clear-night,"06465099999,06477099999,02110,06479099999,06377099999,06380099999"
"50.99461, 5.53972",2018-03-25T00:00:00,3.5,3.5,0.5,80.78,0,0,,0,0,7.6,4.2,102,1004,0,10.9,0,0,0,,Clear,clear-night,"06465099999,06477099999,02110,06479099999,06377099999,06380099999"
"50.99461, 5.53972",2018-03-25T01:00:00,2,0.6,0,86.66,0,0,,0,0,15.9,5.1,78,1004.1,0,9.9,0,0,0,,Clear,clear-night,"06465099999,06477099999,02110,06479099999,06377099999,06380099999"
"50.99461, 5.53972",2018-03-25T03:00:00,1.7,1.7,-0.1,88.18,0,0,,0,0,7.2,4.7,84,1004.2,18.5,10.1,0,0,0,,Clear,clear-night,"06465099999,06477099999,02110,06479099999,06377099999,06380099999"
"50.99461, 5.53972",2018-03-25T04:00:00,0.7,-1,-0.5,91.39,0,0,,0,0,7.2,5.5,68,1004.5,38.2,9.2,0,0,0,,Partially cloudy,partly-cloudy-night,"06465099999,06477099999,02110,06479099999,06377099999,06380099999"
"50.99461, 5.53972",2018-03-25T05:00:00,0.6,0.6,-0.4,92.85,0,0,,0,0,7.2,3.6,62,1004.8,100,7.6,0,0,0,,Overcast,cloudy,"06465099999,06477099999,02110,06479099999,06377099999,06380099999"
"50.99461, 5.53972",2018-03-25T06:00:00,0.1,0.1,-0.9,92.99,0,0,,0,0,6.8,3.4,96,1005.1,100,6.9,0,0,0,,Overcast,cloudy,"06465099999,06477099999,02110,06479099999,06377099999,06380099999"
"50.99461, 5.53972",2018-03-25T07:00:00,0,0,-1,93.35,0,0,,0,0,5.1,3.6,73,1005.7,30.9,6.9,0,0,0,,Partially cloudy,partly-cloudy-night,"06465099999,06477099999,02110,06479099999,06377099999,06380099999"
"50.99461, 5.53972",2018-03-25T08:00:00,-0.2,-0.2,-1.3,91.99,0,0,,0,0,7.2,2.2,360,1006.1,23,5.6,25,0.1,0,,Partially cloudy,partly-cloudy-day,"06465099999,06477099999,E5682,02110,06479099999,06377099999,06380099999"
"50.99461, 5.53972",2018-03-25T09:00:00,0.7,0.7,0,94.77,0,0,,0,0,5.1,2.4,53,1007,93.1,6.5,134,0.5,1,,Overcast,cloudy,"06465099999,06477099999,E5682,02110,06479099999,06377099999,06380099999"
"50.99461, 5.53972",2018-03-25T10:00:00,4.3,4.3,2.2,85.69,0,0,,0,0,3.6,2.9,333,1007.6,66.2,9,235,0.8,2,,Partially cloudy,partly-cloudy-day,"06465099999,06477099999,E5682,02110,06479099999,06377099999,06380099999"
"50.99461, 5.53972",2018-03-25T11:00:00,7.4,7.4,2.8,72.3,0,0,,0,0,7.2,3.6,118,1008,30.9,11.5,376,1.4,4,,Partially cloudy,partly-cloudy-day,"06465099999,06477099999,E5682,02110,06479099999,06377099999,06380099999"
"50.99461, 5.53972",2018-03-25T12:00:00,10,10,1.8,56.72,0,0,,0,0,10.8,4.2,295,1008,3.1,13.3,550,2,6,,Clear,clear-day,"06465099999,06477099999,E5682,02110,06479099999,06377099999,06380099999"
"50.99461, 5.53972",2018-03-25T13:00:00,11.8,11.8,1.7,50.02,0,0,,0,0,14.3,6.6,254,1008.2,0,13.7,601,2.2,6,,Clear,clear-day,"06465099999,06477099999,E5682,02110,06479099999,06377099999,06380099999"
"50.99461, 5.53972",2018-03-25T14:00:00,12.9,12.9,1.8,46.75,0,0,,0,0,14.3,8.3,285,1008.4,18.8,12.5,594,2.1,6,,Clear,clear-day,"06465099999,06477099999,E5682,02110,06479099999,06377099999,06380099999"
"50.99461, 5.53972",2018-03-25T15:00:00,13.4,13.4,1.4,43.98,0,0,,0,0,21.2,9.7,360,1008.6,21.1,14.3,572,2.1,6,,Partially cloudy,partly-cloudy-day,"06465099999,06477099999,E5682,02110,06479099999,06377099999,06380099999"
"50.99461, 5.53972",2018-03-25T16:00:00,13.4,13.4,1.8,45.08,0,0,,0,0,25.4,13.9,351,1008.6,21.5,13.5,396,1.4,4,,Partially cloudy,partly-cloudy-day,"06465099999,06477099999,E5682,02110,06479099999,06377099999,06380099999"
"50.99461, 5.53972",2018-03-25T17:00:00,13.2,13.2,1.6,45.19,0,0,,0,0,31.1,13.2,17,1008.7,51.5,13.9,230,0.8,2,,Partially cloudy,partly-cloudy-day,"06465099999,06477099999,E5682,02110,06479099999,06377099999,06380099999"
"50.99461, 5.53972",2018-03-25T18:00:00,12.6,12.6,1.9,48.07,0,0,,0,0,21.9,13.8,1,1008.9,62,12.9,62,0.2,1,,Partially cloudy,partly-cloudy-day,"06465099999,06477099999,E5682,02110,06479099999,06377099999,06380099999"
"50.99461, 5.53972",2018-03-25T19:00:00,12.1,12.1,2.3,51.09,0,0,,0,0,24.8,12.7,360,1009.6,73.4,11.8,30,0.1,0,,Partially cloudy,partly-cloudy-day,"06465099999,06477099999,E5682,02110,06479099999,06377099999,06380099999"
"50.99461, 5.53972",2018-03-25T20:00:00,11.3,11.3,2.2,53.81,0,0,,0,0,31.1,10.8,5,1010.3,72.2,11.4,21,0.1,0,,Partially cloudy,partly-cloudy-night,"06465099999,06477099999,E5682,02110,06479099999,06377099999,06380099999"
"50.99461, 5.53972",2018-03-25T21:00:00,10.5,10.5,2.5,57.83,0,0,,0,0,18.6,11.3,6,1011.1,62,9.8,0,0,0,,Partially cloudy,partly-cloudy-night,"06465099999,06477099999,02110,06479099999,06377099999,06380099999"
"50.99461, 5.53972",2018-03-25T22:00:00,9.7,8,2.4,60.21,0,0,,0,0,21,12.1,15,1011.7,62,9,0,0,0,,Partially cloudy,partly-cloudy-night,"06465099999,06477099999,02110,06479099999,06377099999,06380099999"
"50.99461, 5.53972",2018-03-25T23:00:00,8.9,7.3,2.5,64.59,0,0,,0,0,21.5,9.9,10,1012.2,60.8,8.4,0,0,0,,Partially cloudy,partly-cloudy-night,"06465099999,06477099999,02110,06479099999,06377099999,06380099999"
"50.99461, 5.53972",2018-03-26T00:00:00,8.4,6.5,2.8,68.3,0,0,,0,0,19,10.7,358,1012.8,73.4,8.2,0,0,0,,Partially cloudy,partly-cloudy-night,"06465099999,06477099999,02110,06479099999,06377099999,06380099999"
"50.99461, 5.53972",2018-03-26T01:00:00,7.6,5.7,2.9,72.11,0,0,,0,0,21.5,10.2,357,1013.1,73.4,6.8,0,0,0,,Partially cloudy,partly-cloudy-night,"06465099999,06477099999,02110,06479099999,06377099999,06380099999"
"50.99461, 5.53972",2018-03-26T02:00:00,6.8,5.3,3.3,78.44,0,0,,0,0,23.1,7.9,354,1013.4,75.1,6.7,0,0,0,,Partially cloudy,partly-cloudy-night,"06465099999,06477099999,02110,06479099999,06377099999,06380099999"
"50.99461, 5.53972",2018-03-26T03:00:00,5.9,4.4,3.1,81.96,0,0,,0,0,15.9,7.5,349,1013.6,33.1,8.2,0,0,0,,Partially cloudy,partly-cloudy-night,"06465099999,06477099999,02110,06479099999,06377099999,06380099999"
"50.99461, 5.53972",2018-03-26T04:00:00,4.6,2.8,2.7,87.22,0,0,,0,0,16.3,7.9,345,1014.2,42.7,4.6,0,0,0,,Partially cloudy,partly-cloudy-night,"06465099999,06477099999,02110,06479099999,06377099999,06380099999"
"50.99461, 5.53972",2018-03-26T05:00:00,3.7,2.2,2.2,89.95,0,0,,0,0,17.6,6.3,344,1014.5,26.4,3.6,0,0,0,,Partially cloudy,partly-cloudy-night,"06465099999,06477099999,02110,06479099999,06377099999,06380099999"
"50.99461, 5.53972",2018-03-26T06:00:00,2.5,2.5,1.9,96.07,0,0,,0,0,7.5,4.1,328,1015,41.9,3.3,0,0,0,,Partially cloudy,partly-cloudy-night,"06465099999,06477099999,02110,06479099999,06377099999,06380099999"
"50.99461, 5.53972",2018-03-26T07:00:00,2,0.2,1.6,97.12,0,0,,0,0,11.2,6.3,319,1015.4,68.6,1.3,0,0,0,,Partially cloudy,partly-cloudy-night,"06465099999,06477099999,02110,06479099999,06377099999,06380099999"
"50.99461, 5.53972",2018-03-26T08:00:00,2.1,2.1,1.8,97.37,0,0,,0,0,17.6,4.2,326,1016,100,1.1,22,0.1,0,,Overcast,cloudy,"06465099999,06477099999,E5682,02110,06479099999,06377099999,06380099999"
"50.99461, 5.53972",2018-03-26T09:00:00,2.4,2.4,2.1,98.43,0,0,,0,0,10.5,3.9,325,1016.7,68,0.8,72,0.3,1,,Partially cloudy,fog,"06465099999,06477099999,E5682,02110,06479099999,06377099999,06380099999"
"50.99461, 5.53972",2018-03-26T10:00:00,2.8,2.8,2.5,98.18,0,0,,0,0,7.2,2.9,336,1017.2,66.5,1.2,,,,,Partially cloudy,partly-cloudy-day,"06465099999,06477099999,02110,06479099999,06377099999,06380099999"
"50.99461, 5.53972",2018-03-26T11:00:00,4.8,4.8,3,88.24,0,0,,0,0,11.5,4.1,289,1017.3,54.6,5.4,,,,,Partially cloudy,partly-cloudy-day,"06465099999,06477099999,02110,06479099999,06377099999,06380099999"
"50.99461, 5.53972",2018-03-26T12:00:00,7.5,6,3.3,75.14,0,0,,0,0,12.8,8.1,288,1017.5,54.6,8.7,,,,,Partially cloudy,partly-cloudy-day,"06465099999,06477099999,02110,06479099999,06377099999,06380099999"
"50.99461, 5.53972",2018-03-26T13:00:00,9.1,8,2.8,64.71,0,0,,0,0,20.1,7.8,256,1017.4,56.3,16.6,,,,,Partially cloudy,partly-cloudy-day,"06465099999,06477099999,02110,06479099999,06377099999,06380099999"
"50.99461, 5.53972",2018-03-26T14:00:00,10.2,10.2,1.3,53.92,0,0,,0,0,19.2,8.4,265,1017.2,50.9,17.9,,,,,Partially cloudy,partly-cloudy-day,"06465099999,06477099999,02110,06479099999,06377099999,06380099999"
"50.99461, 5.53972",2018-03-26T15:00:00,10.7,10.7,0.1,48.06,0,0,,0,0,21.6,10.5,309,1017,51.2,17.9,,,,,Partially cloudy,partly-cloudy-day,"06465099999,06477099999,02110,06479099999,06377099999,06380099999"
"50.99461, 5.53972",2018-03-26T16:00:00,11,11,-0.1,46.14,0,0,,0,0,22,10,297,1016.9,44,16.7,,,,,Partially cloudy,partly-cloudy-day,"06465099999,06477099999,02110,06479099999,06377099999,06380099999"
"50.99461, 5.53972",2018-03-26T17:00:00,10.8,10.8,-0.1,46.85,0,0,,0,0,22.3,9.8,280,1016.9,56.3,18.7,,,,,Partially cloudy,partly-cloudy-day,"06465099999,06477099999,02110,06479099999,06377099999,06380099999"
"50.99461, 5.53972",2018-03-26T18:00:00,10.2,10.2,0.6,51.48,0,0,,0,0,19.2,7.4,285,1016.9,57.5,17.1,,,,,Partially cloudy,partly-cloudy-day,"06465099999,06477099999,02110,06479099999,06377099999,06380099999"
"50.99461, 5.53972",2018-03-26T19:00:00,9.5,8.3,1.2,56.15,0,0,,0,0,23.9,8.8,298,1016.9,76.5,12.7,,,,,Partially cloudy,partly-cloudy-day,"06465099999,06477099999,02110,06479099999,06377099999,06380099999"
"50.99461, 5.53972",2018-03-26T20:00:00,8.1,5.8,2.2,66.54,0.367,100,rain,0,0,35.3,13,308,1017.2,37.8,14.2,,,,,"Rain, Partially cloudy",rain,"06465099999,06477099999,02110,06479099999,06377099999,06380099999"
"50.99461, 5.53972",2018-03-26T21:00:00,6.6,4.9,2,72.49,0,0,,0,0,14.4,8.5,290,1017.6,48.4,14.4,0,0,0,,Partially cloudy,partly-cloudy-night,"06465099999,06477099999,02110,06479099999,06377099999,06380099999"
"50.99461, 5.53972",2018-03-26T22:00:00,5.2,5.2,2.1,80.54,0,0,,0,0,11.2,4.4,304,1018,3.8,14,0,0,0,,Clear,clear-night,"06465099999,06477099999,02110,06479099999,06377099999,06380099999"
"50.99461, 5.53972",2018-03-26T23:00:00,3.6,3.6,1.9,88.5,0,0,,0,0,14.4,4.4,305,1018.1,19,12.2,0,0,0,,Clear,clear-night,"06465099999,06477099999,02110,06479099999,06377099999,06380099999"